M2	-0.021677392797652	0.758286320986859	MT-CYB	MT-ATP6	MT-ND1	MT-ND2	MT-ND4L	KCTD5	CD276	EED	FAM212A	CALCOCO2	IFNGR2	MAPKAPK2	CDC42	HPS5	ECH1	NRBP1	MYO19	AIDA	EBPL	CBLC	KIAA0930	CLCN6	MISP	ANXA8L2	MT-ND5	NAPA	DEXI	PMPCA	TAF5	NEK7	NSMCE1	PPP4C	ST14	PHTF1	NAT6	MT-ATP8
M3	0.153960403757434	0.004083415180217	RPL12	RPS12	RPL29	RPL37	RPL30	HERPUD1	CD63	IFITM3	MYL12A	CFL1	RPS20	IFI27	HSPA5	GSTO1	MYL12B	OAZ1	IFI6	TMA7	CD59	HLA-A	DNAJB9	FDPS	DMKN	RNH1	ACTR3	ITM2B	GPX4	APLP2	DNAJC3	OSMR	ARL6IP4	HMOX2	DUSP10	CLTC	RPL36A	ARHGDIB	ISG20	IDI1	LY6E	ATP1B3	IMMT	CTSC	BUB1B	BOLA3	NQO1	ATP6V0B	SRM	F11R	KYNU	PLOD3	ATXN2L	CDK7	PBDC1	PVRL2	MGST1	PLSCR1	SLFN11	DYNC1H1	ADAM10	RARS	CARD10	ARHGEF5	LAPTM4A	DAK	MX1	KLHL21	USP38	DYNC1I2	CALU	FAM43A	NUCB1	DCTN3	AGPAT6	PRSS23	LDLR	HERC4	GPD2	C19orf70	BST2	ITPA	HADHB	RPS29	HRAS	C1GALT1C1	DCTN6	CDC42BPA	PKP3	ACTR1A	DENND1B	ATP6AP2	CHD1	ATXN10	PTPN11	KIAA0355	FICD	SCYL2	CTPS1	NSDHL	CCAR1	LMO4	ANO7	IFITM1	TRAPPC2P1	CBR1	CYTH2	ACTR10	PPP1R7	CRELD2	PRSS8	PGRMC1	COX4I1	DPP3	LTA4H	C17orf75	CNPY3	PMPCB	AGR2	AKAP13	MR1	DEGS1	NHP2	FOXK2	AFF1	OTX1	NONO	MAGED1	FBXO44	BCL7C	ATN1	GJB5	PTPLAD1	DGKE	EPT1	NUDT16L1	FOSL2	CNKSR1	GTF2E2	RFFL	ERP44	CHMP1A	PRPF6	IFI35	PPP2R5E	ELAC2	C6orf62	PLD3	MAP1B	ALDH9A1	CEP104	CYBA	FAR1	SCO1	PARP12	DAD1	KIAA2026	RHBDF1	FAM98A	RNF149	GNAQ	ORC2	FBXO17	RPRD1B	CTSL	LOXL1	TRIM13	YBX1	TACSTD2	DDX54	UBE2H	PELI1	KIAA1161	HEBP1	MYH9	GOLT1B	KIAA1279	PTK2	MARS	TGFBR2	APEH	SLC39A7	GJA1	ATP6AP1	ASCC1	C5orf15	NFE2L3	MTA3	MYCBP	GABPB1	AFG3L2	ABCA7	SLC19A1	CYB561D2	DNAJC15	GTF3C1	SNX16	OGG1	HUWE1	PGM3	EMC3	CRBN	DUS2	BRI3BP	SLK	DCAF17	STAG2	AK3	RPS6KA1	PIK3C2A	ANKRD28	C19orf12	MOB2	FUBP1	SAMD8	ADAT2	BROX	RAP2B	FAM20B	NSFL1C	HABP4	GGA2	PITPNB	GNG12	REXO4	IL4R	ATP6V0E2	SLC10A7	SEC22A	ANKIB1	FHOD1	CHST3	ANTXR1	C3	FASTKD2	ARHGEF9	ASL	PAPSS1	DGCR2	MTPN	BCAP29	SMARCA1	RFWD2	NAA25	CCDC58	TP53INP1	CCDC127	SDR16C5	NDUFB8.1	FAM76B	CTU1	HYAL2	LNX2	CRTAP	SECISBP2L	MPRIP	AP5Z1	IL17RC	CPOX	CPSF6	AASDH	GZF1	POLB	C11orf84	REV1	HSPG2	SIRT7	EIF5A2	HMOX1	SAR1A	RAET1G	GFM1	PTOV1	OAS3	DPCD	ACACA	JMJD4	LSM12	RNF121	NDUFA13	GRK6	GGH	CDC23	ALDH18A1	DHRS4	B4GALT4	SNX12	CAND1	KMT2C	HMG20B	MAN2C1	TSPYL2	NBPF1	ETFB	C12orf43	PHLDB2	IQCK	PITPNA	GOLGA1	PEAR1	DHRS7	ECD	KIAA0319L	RPN2	HUS1	MARK4	FLOT1	EFCAB14	CCDC47	OGDH	CPD	ARL17A	CEP70	SEMA4B	EIF2D	ADPGK	CDK5RAP3	PIGU	CRELD1	TRAK1	RDH11	FUT11	FAF1	RAP1A	ANKRD36	PAAF1	TEAD3	KLHL9	PRRG1	CHM	CDK2AP2	HDHD2	ARMC9	MAN1B1	NOTCH1	NCLN	MLTK	CEP41	SH3BP5L	HYPK	NR4A2	ELOVL6	CBR4	AHNAK2	NOC4L	FADS3	ERGIC2	DMPK	TRIM21	IQCE	NCK1	SLC30A5	DPP8	C5orf28	EMC4	FRG1B	NUS1	VWA1	HIPK1	C7orf55	OSTM1	PDCD11	SPARC	C1orf85	MGST2	PCGF3	ORMDL2	ELL	SQLE	BMP1	CLASRP	FBXO21	TRIM33	HDAC2	SMG5	NSUN5	REEP5	MFAP2	DDX28	NFS1	PUF60	TIMP1	VCP	SDF2L1	TMEM59	SERPINE2	PRDX6	STRA13	SURF4	TMEM50A	TUBA4A	TXNDC9	SRP68	TERF2	SEC61A1	UBQLN1	TLK1	ZNF195	STOM	CNIH4	SLC16A3	TNFRSF25	EMC10	SMAD3	STRIP2	TCERG1	UBALD2	ZNF618	DRAP1	SP2	SEL1L	YAP1	TPD52L2	ZSWIM6	OSTC	ZUFSP	TYW3	KDELR3	SYS1	ZNF547	ZNF518B	SYVN1	UBAP2L	SCAMP2	TIA1	POU2F1	TMEM125	VPS29	TP53INP2	ZNF827	TRNAU1AP	ZRSR2	USP47	TRIM69	RAD1	NDUFV1	ZFYVE21	ZFYVE19	STX10	ZCCHC6	REM2	SRBD1	ANO6	TBK1	WDFY2	PPP2R5C	TTYH3	INF2	UGDH	ZMYND19	SLC25A29	PPP1R13L	LIG4	PITPNM2	SEPHS1	HEATR2	PLD2	OTUD7B	LMAN2L	ZNF611	POFUT1	TBL3	TOMM5	NOL10	PARVA	SLC2A11	OSBPL1A	TMEM97	ZNF425	RAD51	LPGAT1	ZCCHC8	PPIL2	TBC1D14	ZNF84	VPS26B	LRPPRC	NDUFB7	MALT1	TMEM205	NAGLU	SLC12A4	TCAIM	TMEM9	GSTM4	RRAGA	ZZEF1	INO80B	MAT2B	ZNF143	NEK4	TMEM185A	DSC3	IER3IP1.1	MLST8	SNCA	FAM174A	MAP2	ELK1	ZNF524	PJA2	KDM3B	SLC41A1	QPCT	RNF13	TAF13	KCTD17	SCRN2	SYNRG	TC2N	RSAD1	THAP5	MICAL2	TPCN2	CPPED1	SPATA20	EML2	TEAD2	NDUFB11	UBXN2A	USP4	RBM34	STAU1	GNB5	MRS2	VKORC1L1	PCSK1N	STRN	IL1RAP	MCCC1	TXNRD2	COMMD10	TBKBP1	PEG10	RWDD2B	MSRB3	PAM16	DENND2C	IFT52	FAM211B
M5	0.076326620432275	0.154268331724168	RPS18	RPL37A	RPL32	RPS14	RPL13A	RPL9	RPS19	RPL39	RPL18A	RPL27A	RPL13	RPS16	RPL36	RPL34	RPL23A	RPL26	RPL21	RPS27	RPS11	RPL38	RPL31	RPS23	RPS21	RPL35A	RPL22	HSP90AA1	RPS15	RPL24	RPL35	EEF1B2	HSP90AB1	RPLP2	ANXA1	HSP90B1	HSPA1A	EEF1D	HNRNPA2B1	EIF2S2	CALR	PSMA4	CCT5	CACYBP	P4HB	PSMD7	IL1B	FGFBP1	IFI16	COX7C	CALM2	ATP5B	PDIA3	ID2	DDX5	ANXA5	PPP2CA	HNRNPK	PLAUR	EIF4H	LMNA	HNRNPM	RAB7A	EIF6	B2M	DDX18	ARF1	HSPA9	BRD2	BSG	PCBP1	EZR	RBM42	CD274	CYC1	LRPAP1	BZW1	LRRC59	H2AFY	ABCF1	RAP1B	DNAJB1	PSMB5	UBA52	MTDH	NUDC	ANP32E	PSMC3	ARHGDIA	EGR1	NSRP1	PPP2R2A	EIF3I	MATR3	HNRNPD	QSOX1	RAC1	KTN1	CCT7	PSMD2	ATP5A1	HNRNPU	PSMD1	PCMT1	KIF5B	CANX	AIMP1	LGALS3BP	CSNK1A1	PDCD6	EHD1	GGNBP2	HSPA4	HNRNPF	EIF5B	HSPA1B	DPM1	GALNT3	MMADHC	DSP	HLA-E	AKAP12	METTL6	NFE2L2	MAPRE1	DNAJA1	PSMD14	ECHS1	IMP3	MRPS23	CLTA	RPL17	EBP	BCAS2	ATP5F1	CCT3	EIF3J	ARF4	ANP32A	NUDT4	PRRC2C	RAB5A	KPNB1	ATP5L	MESDC2	FNDC3A	RALY	GLRX3	ARL14	RALA	PSMD11	NAA20	FAU	C1D	FKBP4	CWC25	ACAD8	COPS3	RBM17	FSCN1	PTHLH	PTGR1	MDH1	NAP1L4	ANKRD11	MELK	DCUN1D5	ATP6V1B2	CDC5L	IGFBP7	RPS27A	BHLHE40	CYB5R3	RAB14	MAEA	ARL6IP1	PNP	CREB1	GSKIP	MKI67	DHX36	VDR	LACC1	EIF4G1	CLSPN	CAP2	DLST	PSMD12	BAG3	CCNG1	CHORDC1	HDAC1	MAD2L1BP	HSPH1	MRPS6	EWSR1	ADK	RAB1A	BIRC3	HDGF	IGF2BP2	HEXB	FAM114A1	PNO1	RAB9A	NMT1	NEU1	NASP	ANGPTL4	MRPS5	NBPF10	ACOT9	ATP1A1	FYB	SFN	PLRG1	HNRNPH2	IRAK2	LRRFIP1	IKBIP	HNRNPR	PPARD	RAB18	LITAF	FLI1	PDCD10	DERL1	AP3D1	ELP3	ADRM1	NAA15	PLXNB2	MYL6B	RAD21	OXCT1	MRPL45	OAF	KIF1C	DHX15	CCDC88A	MET	PPP2R1A	GTF2A1	HAT1	CAT	TOP1	CIAPIN1	ACIN1	CGGBP1	NOSIP	PACSIN2	C18orf25	PPID	CD47	POLR2D	CRAT	FHL1	MRPL20	PSEN1	CFLAR	ITGB5	GPRC5C	ACAT1	CHCHD4	GNAI3	ATP2A2	NFIC	GSPT1	CCND2	SAP30BP	POGLUT1	CHD4	ANKRD36C	MARCH5	MLEC	CCT4	PGP	MCFD2	LSM10	ERBB2	EXOSC7	C6orf141	ELAVL1	FKBP9	CDCA4	RBM25	DCAF13	SERPINH1	AP4B1	MARCKSL1	NRD1	DDX1	TTC1	MAP4	BRD4	DARS	RAB20	ARNTL	DVL1	IARS2	KARS	C1orf131	AZIN1	CTSA	C11orf68	SCAND1	KPNA6	PRPF40A	NDUFS4	XPO1	CSNK2A2	IFNGR1	PDIA4	CD164	RALB	RPA2	ARRDC4	GPANK1	CDC42EP2	SCO2	ADIPOR2	MRPL49	MORF4L1	HARS	MYO10	FLNA	DDX23	PDE7A	RAD23B	RRP1B	ASB13	KHDRBS1	HIST1H2BD	EMC7	CDCP1	CAPZA1	CITED4	DENND2D	MFSD2A	TRIM44	NOL11	PCCB	CD97	OS9	PRKRIP1	CARKD	ABL1	EXOSC4	MICALCL	CCDC109B	FUT3	CSNK1D	MCRS1	GLB1	HSDL2	ARPC4	PTPN12	CDC42SE1	SLC25A43	ESRP1	C5orf45	KATNBL1	MLLT4	LSMEM1	HYOU1	FOSB	DUS3L	NBAS	FAM214B	HTATSF1	MAPK3	ILF3	ARMC7	PPM1B	MAPK1	CTD-2368P22.1	CORO1A	MRPS28	ABCE1	FLNB	MVD	LSM1	OCIAD1	CMTM6	DENR	FH	DDRGK1	COPZ1	CCDC50	PRPF4	PECR	CHFR	C1orf172	PDAP1	MFF	CLIP1	PMEPA1	DNAJC7	SEMA3A	CABYR	CDC34	CUL2	ARFGEF2	HOPX	HNRNPA1L2	ALKBH3	TM4SF1	RNF8	NAGA	NSMCE4A	PDPK1	BTBD3	C1orf122	KIF14	AHR	LRP10	ABHD13	MITD1	CUTC	LPAR6	PHC2	GALNT5	MRPL44	POP1	ATP6V1H	DHRS4L2	MINA	DIAPH1	APH1A	ARL8A	PHACTR3	MRPL37	ARMC1	LBR	PIP5K1A	PSPC1	ANKLE2	CDK8	KPNA3	AVEN	SRGAP2	CHURC1	DUSP4	LRRC37B	IPO7	AKIRIN1	ANXA7	HN1L	CCDC71L	NAT10	BAZ2A	RNF34	NR1H3	NCOA4	RIF1	VPS54	NEXN	PSMC5	KIFC1	MBNL1	LIG1	NAA35	PHF8	HADH	CD320	PAIP1	POLR3E	N4BP2L2	FBLN1	SGSM3	DDOST	BCR	FBXO8	GOLGB1	METTL9	EIF4G3	TOR4A	ENTPD6	PPP1R21	GPAA1	BRD9	SYAP1	RHBDD3	NTHL1	C20orf27	CXXC1	DHCR7	ROBO3	EXTL3	CASP3	BCLAF1	NUB1	PSAT1	PITHD1	RPA1	DCAF10	NLK	SCLT1	MYO5B	NAA50	GALE	ENTPD7	ADI1	PPM1D	LDLRAP1	BAIAP2	GBA2	POR	TRAPPC12	ALDH1B1	ARHGAP32	AMIGO2	HRH1	IFT20	SREBF2	MPZL1	CHTF8	CRADD	BTF3L4	DDX56	CCDC43	HARBI1	CPNE1	CSE1L	SMAD4	LAPTM4B	PQBP1	ACADM	DLGAP4	PPP1R15B	HMG20A	PPP2R5D	HES6	PWP2	DCK	PEX26	AHSA2	GPR56	C1orf35	COPB2	PARN	CFL2	OARD1	EEF1G	DTD2	FOXP4	DMWD	ATG13	EIF3B	RAB3GAP1	FOXA2	CASP7	ALG14	SSH3	POLR1D	GBE1	LMBRD1	HNRNPH1	NMD3	AGER	FEZ2	RNF41	INO80D	ARHGAP10	ELOVL4	ERLEC1	COPB1	POP4	DNAJC24	PRPF19	DPAGT1	COQ5	NFU1	EPAS1	NAE1	LIN7C	ITCH	ADAM8	NOA1	AIM1	FAM110C	ID3	BCL3	BAG1	DNAJA4	GFOD2	GALNT18	EXOSC10	KHSRP	CHST11	ULK1	APOO	PSME3	KLHDC2	DZIP3	ARNT	BRCC3	DEF6	MCM10	RFWD3	GPN3	FN3KRP	GPN1	BRF1	TGDS	SAMD4B	GOLPH3L	C7orf13	INADL	MMP15	CDC25B	PTRH2	MRPL50	OAT	RNF14	HAS3	IQCB1	SYNCRIP	ACOT11	KIAA1109	ABCC3	ETV7	MYO6	ECI1	HSD17B4	MAN2A1	HSPA4L	COPS8	RUVBL2	PRPF31	FANCI	ARPC5	POLDIP2	C1orf53	SYNPO	BOLA1	SMARCD2	CELSR2	EME2	HSH2D	MUS81	FBXW9	DTD1	WDR70	ALDH3A1	AIFM2	FAM83F	CNOT1	ALDOC	HELLS	C10orf95	BOK	POLRMT	IRAK1	SAMHD1	C17orf59	PPP4R1	MMS19	RFXANK	GALNT10	OSBPL2	BCS1L	PMM2	LIX1L	MXI1	NPLOC4	APPL1	NSUN2	ACTR8	C19orf55	DDX17	GART	SHQ1	FASTKD1	NCKAP1	FAM129B	CLN8	PSKH1	EARS2	BATF2	KCNMA1	PARP4	NUP88	ASAP2	MRPS14	METTL22	TBC1D10B	ENTPD4	PRCC	EHMT1	NEMF	HSPA8	NDUFS1	MRPS16	NDUFB5	E2F3	IMPA1	MZF1	RAB6A	DYRK1B	PDCD6IP	C1orf50	AMMECR1	CTSH	YY1AP1	CGRRF1	NAPG	PTP4A2	DYNLL2	OXA1L	PSMG1	IGSF3	MRPL19	DDHD2	APOA1BP	G6PD	IRF3	MED6	RBM4B	AGPAT3	CMTM3	STAT2	DAB2IP	AQR	GCLM	NFKBID	NXT2	FPGS	PCYT1A	ARL8B	RRBP1	WDR34	DAZAP1	KMT2A	PEF1	OGFR	FKBP5	C6orf89	PCNP	FCGRT	AMDHD2	ATP6V0A2	ABCF3	PEPD	CCDC92	ASUN	MMP2	SMARCA4	STK16	KIAA1671	RHOBTB3	HAUS6	PSMA6	ETNK1	RANBP3	GCAT	TIMM13	TFPT	RAP1GDS1	FAF2	CAPRIN1	KANSL1	LRRC45	METTL20	CIZ1	MIA3	MAGT1	MROH6	C14orf159	HS3ST2	HES4	COG5	GNA12	EP400	DENND1A	PKMYT1	EHBP1	GDE1	APOE	C4orf32	GNG10	NUP214	CPNE2	NMI	LMF2	COX11	HSPBP1	SEC61B	EIF1AD	RPS24	CXorf56	RANBP9	RAB31	C17orf62	RNF126	MTIF2	ADAM17	PIAS2	GMPS	MSH3	SLC38A1	DGCR6	POLR3F	PPT1	AGO1	GATAD2A	PREP	DCTN5	CXorf40B	NAAA	CCPG1	DLX2	LMBR1	DCAKD	EPHB4	CCDC107	PACS1	NUFIP1	MALSU1	OGFOD2	NIN	CNOT11	PHKB	KLHL12	C6orf136	EXOC4	FHL3	UBC	CACUL1	TMEM186	ITFG1	RRAS2	KANSL2	CCDC90B	TMEM132A	ATG4B	C2orf68	PEX2	PRKCD	PPAP2C	STAMBPL1	CARS2	PPP3CB	NADK	ANKRD40	ENDOG	CRYAB	AKR1C1	PFKFB2	RBM10	PLEKHN1	EYA2	GNAI1	EVL	RHNO1	DGKZ	FBRS	PPP1R13B	NFATC3	SORL1	MAD1L1	TRIML2	RSL24D1	CEP170	ATP11A	STK19	CENPBD1	NCKIPSD	ZNF16	CECR5	LAT	DRAM2	SCAF8	NCAPG2	CLCC1	C11orf1	PPTC7	ETNK2	MKRN1	C6orf106	FUCA2	HP1BP3	SDHB	MCM3	MRGPRX3	AKT2	ASXL2	TNFRSF10B	GNAL	IGF1R	AP2A2	FAM115A	ACSL4	GRB7	DCTN1	AC007390.5	ATE1	GALNT7	CREG1	CPNE8	AP1M1	GALC	FAM96A	MCM6	LMAN1	MKLN1	DNAL4	PSMD5	CETN3	PNKD	VGLL4	DLAT	RAB5B	SDR39U1	INPP5F	PRIM2	GPSM3	GATAD1	CCDC122	TXLNG	ENTPD3	C12orf49	PJA1	KLHL28	MCM5	AP000350.4	CNOT3	SAV1	NEK8	EIF5AL1	SUGP2	PCNA	PARD3	ARRB2	GPS2	CSNK1G2	TRIM24	ARHGEF16	CLOCK	ALG8	ATL2	QSOX2	SLC35C2	TRIM25	PBX2	MVB12A	FUBP3	SDAD1	PSME1	OTUB1	PYROXD1	INPP5K	NUAK2	SERPINB8	PDK3	RAB21	SUDS3	ILK	ALYREF	HOMER3	TEN1	PAK2	B3GAT3	FBXO9	RDX	LPCAT2	CHCHD6	RGS19	IFFO1	RAD50	C6orf120	RPAP1	CYHR1	TAF1A	RTCB	FAM217B	TMEM184B	STAG1	CENPK	NQO2	NDRG3	GOLGA8B	RANGAP1	SPAG9	RPP14	SURF1	NUBP1	TFE3	PPP2R3C	CDK5	CMPK1	ARHGAP17	TMEM25	NTM	ILKAP	CHAMP1	SWAP70	DHX30	SCAF1	B9D1	STIP1	SRSF1	CLDN12	GTF3C6	IL20RB	TGFB1I1	TFPI2	FDXR	MYBBP1A	ITGA5	FRMD8	TAOK2	GNL3	EIF2B4	PLIN2	MRPL39	RAB12	IFT43	STOML2	PTPN2	SERPINB5	TAP2.1	SUPT20H	NUP160	TCIRG1	LPP	HNRNPUL1	TEX30	JAG1	THUMPD3	TAF15	PRR14	APOC1	NUP98	PODXL2	TOMM7	UQCRH	TUBB4B	RTN4	SERBP1	YWHAB	SNW1	XRCC6	VAPA	YWHAE	SRP72	IDH3B	TARDBP	XRN2	SRRM2	UBE2N	UBE2Z	TCEA1	TMEM154	UAP1	VPS25	SAE1	TCOF1	TOR1AIP2	TJP2	ZNF91	TCP1	TKT	WDR45B	RPL7L1	TSN	RRM1	VBP1	SNX6	ZNF627	DMRT1	STX12	ZFAND6	VPS4B	SKIL	ZBED2	SF3A3	SEC63	ZBTB7A	XAB2	USP16	SMAP1	PABPC4	SLC39A1	TMEM189	ZNF260	SNAI1	TYMS	SFXN2	RWDD1	IL6R	SF3B1	TRAP1	XPNPEP1	VPS37C	TRAF3IP2	TMEM109	UBE2E3	YARS	RTN3	TPX2	TDP1	SPINT1	SPDEF	STK4	TXNRD1	TOMM34	TMEM66	TWF2	SEC24A	TRPV3	SCAMP3	SUPT4H1	FAM122A	TUBB2A	SRPR	SYBU	SREK1	TMEM27	TTI2	DNASE1L1	YDJC	IER5L	TANC1	SH3RF1	ZNF780A	SLC2A1	TMEM87B	TEX10	TMEM246	NISCH	VMP1	SMARCA5	SIX4	RPS6KA4	UQCC1	SDHA	SHKBP1	TRIM16	TPR	TCF19	KCTD3	RSBN1L	PLEKHA2	UBE2M	SENP6	NOM1	YKT6	SLC6A8	SLC4A3	TMEM60	SPTBN1	MEA1	UACA	NOC2L	SGCB	PTCH2	TCF25	THADA	SNX9	ZNF226	TMEM173	PDE12	PTPLB	TSG101	CCDC124	WDR75	TREX1	TSTA3	RNF44	USO1	CREBRF	VPS4A	SPDL1	UBE2E2	TMX1	SOAT1	MAP3K6	USP10	PTEN	SDHD	SLC4A11	DPH5	SMNDC1	UBN2	VAPB	VPS51	TBC1D1	WDR62	TTF2	TMOD3	SPATS2L	VAC14	ZNHIT3	RNF2	ZWILCH	TIPIN	FAT2	MPP6	SNAPC2	TSPAN15	ROCK2	REPS1	TMEM214	TMEM183A	SMPD4	SCAP	SEPT9	RABGGTA	SLC35F2	RTCA	SNX17	LY6G6C	SLC7A1	SLC2A6	ZMIZ2	THEM4	USP8	RWDD4	SH2B1	UTP18	RFX5	TRIM59	TNFAIP8L1	YAE1D1	ZNF770	UBL7	DPYSL3	SCRIB	WIPI2	TMEM115	TSC22D2	ERGIC3	HSCB	TNFAIP1	NDST2	SH2B3	KLC3	BCL2L2	LSG1	XXYLT1	TSEN34	TMEM251	RTKN	SMCHD1	WNT7B	HPS4	UBQLN4	TLCD1	USP14	SYNC	PRRT3	TMEM33	PTPN1	ZNF37A	SAYSD1	CNOT6L	NRIP3	KBTBD7	SNRNP200	PRMT6	ZDHHC5	TCF20	GCSH	SPTAN1	TFDP2	WIPI1	ZMYM2	TXNDC15	MRPL41	SPR	UBE2G2	VANGL1	POLE2	SCAMP1	TMEM160	NKAPL	HYAL3	SFXN1	ORC3	PROCR	XDH	USP28	ZNF148	CERS6	SLC6A6	ZHX1	CDC26	TPCN1	SNX7	MYO1C	PDCL	SMDT1	VASP	UBE2A	PINX1	MFSD5	ZMYND8	THAP10	TMEM106B	UBR1	SH3RF2	RNF145	MAN2B2	PPIE	ZNHIT2	TMEM179B	VPS35	SNX18	ZNF160	TMEM256	SMARCC1	UFSP2	PUS7L	RIN1	CYSTM1	UBE2Q2	CAMTA1	SMC5	MSANTD3	PXMP4	HMGA2	TM7SF2	PLK4	STX3	CCDC88C	DHRS1	TBL2	PQLC1	THOC3	NAGPA	TRAK2	SF3A1	UXS1	TRIM37	EXT1	NDUFS2	STX1A	STXBP1	ST5	UBE4A	ZNF219	EFR3A	FAIM	PPIP5K2	ZMAT3	SRPX2	ZNF275	VPS13C	USP5	NAT9	TSGA10	PAF1	VEGFB	TBC1D2B	WLS	TFEB	SH3GL1	ZNF326	PHKG2	CUL1	TSR2	P2RY2	TSSC1	RUFY2	KIAA0100	NOMO1	NUMB	PTPRA	ZNF514	S100A3	SH3BP1	SYK	ZFP64	ZFAND2B	SRR	SETD8	TPP2	TULP4	KLHL7	MMS22L	TMEM43	PPM1N	TGFBR1	PDZD8	PCSK7	RYK	TPMT	TSC22D4	TCEA2	ZNHIT6	VTA1	RQCD1	FBXO27	NSL1	VAMP4	UHMK1	NUDT3	ZBED5	SPRY4	ZSWIM8	URI1	DDX42	MLLT6	TMEM64	GOLGA2	RBL1	SDCCAG3	SMIM14	SLC15A4	MAP9	SNX33	WASH4P	REEP6	SH3BP2	FAM73A	HAUS4	UCKL1	RAB7L1	WDR54	UBE2D4	KRT31	FOXN3	RREB1	KIAA0141	MYO5A	PPP1R37	VPS13A	PRPSAP1	R3HDM4	VAMP5	HSF1	MTFR1	PTAR1	ZNF493	MFN2	STIM1	SNX14	SNX11	MAPK11	SLC25A30	UBAC1	ZNF10	TNFSF12	ZNF787	WDYHV1	TMED4	EVA1C	TBC1D7	FAM131A	TMEM110	DLL3	NPRL3	E2F1	SMPD2	ZNF33A	UNC119	RECQL	RNF5	NSF	PPP1R14A	SIKE1	GPR137	PRPS1	PARL	TYW1	NECAB3	PRELID2	FAM189B	LEPROT	PIK3CD	ST3GAL3	RPS17L	SPATA33	HIGD2A	STX17	SCML1	YIPF4	TMED8	SSH2	SPRYD7	SNAPC5	VPS53	SFXN5	RIN2	C15orf38	FAM211A
M6	0.099060236824338	0.068579566317632	RPL7	RPL11	RPS3	RPL10A	RPS15A	RPL6	RPL27	RPS3A	RPL7A	RPS4X	RPL5	RPL15	GNB2L1	RPL14	RPL23	RPS10	RPL4	BTF3	RPS7	RPL22L1	HN1	NACA	EIF3F	EIF3H	ANKRD1	HIST1H2AC	SAT1	PEA15	IL1RL1	NAMPT	HIST1H2BK	EIF3E	C11orf48	EIF3K	AC010642.1	GLTSCR2	RHOF	HIST2H2BE	SDC4	FAM107B	PARD6B	ELL2	KRTAP2-3	RNASE7	DDA1	ITGAV	RNF19B	ERCC5	PLEKHM1	DOK4	ARMCX1	CDC42EP1	MRPL55	RIT1	RPUSD4	NFKB2	DNTTIP1	CLCN3	FBLIM1	HS1BP3	NRIP1	STAM	IL1R2	HDHD1	HELZ2	BRI3	AKR1A1	DLC1	FARP2	GNG5	GBP3	CUL4B	CCHCR1	FAM83G	CHCHD2	ATP5G1	TRABD	C20orf24	CDC42SE2	KCTD10	PLEKHG5	CD55	CCDC106	CEP250	ATP6V1C1	AGK	LRP11	CCDC11	THAP6	KAT6B	SSSCA1	LARP4	FAM45A	ARMC6	PIGT	MIEN1	EXOSC5	VSTM2L	CHP1	INO80E	ATP5G2	LAMTOR3	SVIP	PROM2	CCNDBP1	COMMD8	DUSP28	ENC1	SERPINB6	FAM98C	DOCK6	CXADR	MAP3K2	FAM168B	AMBRA1	FER	A4GALT	GRHPR	NR1D2	FNTB	BMS1	C11orf73	BRWD1	NYNRIN	PRPF18	DROSHA	MAPK9	WDFY1	PARP3	SLC9A1	ABHD3	DPYSL2	CENPT	AP1S3	ADAM19	PPT2	CCNYL1	LHFP	OAZ2	DMTN	GNL1	HELZ	HLA-DQB1	SERPINB7	EIF4EBP2	LRG1	LAMTOR1	PPP2R4	PARD6G	RNF20	RPS5	C21orf2	C11orf45	IDNK	FLYWCH2	PEX16	RLIM	RPS8	SQSTM1	VAT1	TUFT1	TRAPPC3	ZYX	ZNF133	HIPK2	SLC31A2	SDE2	ZMYM4	VIMP	USP34	SEC11C	YOD1	N6AMT2	STK40	SEC24C	ZNF528	ZFAND3	LSM4	STARD3NL	ST6GALNAC6	SLC38A6	SEC14L1	PRR4	WWC1	U2AF2	TSPAN9	EAF1	UBTD2	ZNF428	SELT	PRIMPOL	TNFRSF21	SURF2	SGPL1	FAM35A	IDS	TTC3	JMJD8	TMEM53	NAF1	XPO7	TMEM159	TBL1XR1	RAB2B	PNPLA2	TSPAN17	ZNF544	TIMM8B	RPE	OSBPL9	MOCS2	SNX10	MED31	SH3D19	TSPAN5	ULBP2	UXT	RABGEF1	ZNF677	RNPEP	OSBPL3	TRAPPC2	PTDSS2	SECISBP2
M9	0.165367498653862	0.002709123610857	RPS13	RPL18	LAMC2	CTSB	PSAP	CD151	LAMA3	CTNNA1	LAMB3	CALD1	PABPC1	CLSTN1	CAB39L	PLEC	ACSL3	ATRN	ITGA3	DSC2	PFKP	CAB39	ITGB4	HMGCS1	PRKAR1A	FERMT1	NT5E	ANTXR2	ACTN4	GJB2	GRN	HMGCR	PLEKHB2	NADK2	DKFZP761J1410	BTN3A2	RALBP1	SH3GLB1	ACP5	IGFBP6	LAMP2	HIF1A	OAS2	NF2	ITGB6	CERS5	AGRN	GSS	FAHD1	ADAM15	IBTK	ALCAM	PIGZ	AP2A1	PFKL	DDR1	STAT6	ALS2	SLC16A2	PNPLA6	NCBP1	C12orf75	PRKD2	THBS1	EXT2	PCYOX1	KDSR	BTBD11	PLCD3	EPS8L2	MAGED2	NEK10	DHCR24	ALDH16A1	ANAPC7	BTBD1	C7orf43	DGUOK	FZD8	CHPF	PRMT2	GPR107	BLOC1S1	MED15	CNDP2	CLASP1	DSG2	NUDT16	ARHGAP44	FBXO34	CLPTM1	KPNA1	CCM2	CD46	KCTD12	LASP1	PTGFRN	JOSD1	ANXA6	YBX3	LAMC1	MAPKAPK5	CS	BAD	LGMN	LAMB1	ADD1	MIIP	CREB3	TMEM158	SMG7	ACAP2	PBXIP1	FNDC3B	GDI1	AGAP3	PPP1R12A	IDE	RP11-195F19.5	CUEDC2	CMIP	AGPS	GALNT1	MCOLN1	VTI1B	L3HYPDH	CCDC71	C11orf49	CHID1	PTGR2	STUB1	AC027307.3	FAM213A	CCDC74A	PICK1	LSR	MDK	HPCAL1	ITPR3	DNAJC4	MEX3D	MYO1D	CHD1L	MEF2BNB	SCD	PTK6	TMBIM6	YWHAZ	PTPRF	TMEM135	TNC	TACC1	TMED5	STT3A	SIN3B	OXSR1	MAGIX	SDCBP	ORAI3	NOTCH2NL	KLC1	UBE2E1	TNFRSF10D	MAP4K4	TMEM41B	STK24	YES1	UBTF	UBR2	MARVELD1	YIF1A	SRPX	TYMP	RAD51B	SEC24B	UBE3C	TP53I13	DHX9	POLG2	UCK2	TMEM187	EFCAB4A	ZDHHC12	PEX10	LMBR1L	TAF9B	SELO	SLC39A10	UBIAD1	QDPR	TMEM222	NMB	TP53	TCTN1	MED11	SEPT8	GNPTG	MED24	STX4	PPP4R1L	PRRG2	TMEM175	LSS	HPS3	CXCL16	SETD7	RALGDS	MAP4K2	WRB
M10	0.051733294997883	0.329582065885639	NDUFA4	ATP5J2	TXN	NDUFB2	ATP5J	SEC61G	COX7B	NDUFA1	DBI	PLP2	COX6C	SOD1	TCEB1	MINOS1	RAB25	FKTN	NDUFS6	COX5B	IRGQ	CIB1	COX5A	ATPIF1	NPC2	TMEM14C	ACP1	MRPS21	NDUFB1	GTF2H5	DSE	FAM162A	NME3	SERINC1	BORA	MED26	FGD6	S100A14	C14orf2	CDK18	NUTF2	ADRBK2	MAML2	SUMF1	COA5	HIST1H1C	NDUFS7	KIAA0040	ANKRD26	MUM1	MDM4	CHCHD5	MDFI	CCNT2	GCDH	GTF2E1	SPAG4	ASH1L	ATRIP	APIP	ADTRP	KDM4A	PCTP	HIST1H2AE	SIPA1L1	MAF1	TXNDC17	UQCRB	UQCR10	LIPG	KDM4B	RCC1	ZNF35	TEAD1	TMED7	SFXN4	NT5C3B	HEATR5A	MFAP3	ZCCHC3	ZCCHC17	R3HDM2	PSMF1	CUTA	SLC2A3	HSF2BP	TNPO1	SNRNP35	SLC39A9	DIS3	NVL	MTG1	SLC35D2	CETN2	PARP10	SSH1	SLCO3A1
M12	0.094297486889396	0.076328868012797	RPL28	RPS28	S100A10	TMSB10	S100A6	ATP5E	NPM1	SH3BGRL3	GUK1	OST4	S100A11	MYL6	SERF2	GSTP1	PPDPF	EIF4A1	LDHB	TPT1	HNRNPA1	SEPW1	FKBP1A	FTH1	POLR2L	FST	TCEB2	S100A13	TUBA1B	PSMB1	CSTA	C19orf33	PSMA7	ILF2	LGALS1	ATP5G3	HSPD1	ATP5I	C4orf3	ADIRF	HINT1	PTGES3	MANF	MIF	C1QBP	S100A2	CCT2	NME4	EBNA1BP2	SRSF7	MGST3	PPIB	MAGOH	MYEOV2	GPX1	FABP5	RHOC	PTTG1	H3F3A	PRDX1	FXYD3	ROMO1	CST3	DYNLL1	HNRNPA3	PSMA3	HNRNPC	RANBP1	PA2G4	CLIC1	NAP1L1	IFI27L2	RBM8A	PPIA	NME1	COX6B1	PSMB6	C9orf16	CAV1	ATOX1	CNBP	MZT2B	FKBP1B	HNRNPH3	SSBP1	ATP6V0E1	CALM1	PSMD8	PNISR	DNAJB11	PSMB3	CCT6A	DKC1	MRPL3	KPNA2	KRR1	EIF2S1	DTYMK	NDUFB9	RAN	IMPDH2	DDX39A	RSL1D1	ACAT2	TUBB	FBL	PPA1	ATP6V1F	NEDD8	PPIH	NOP56	RPA3	PRDX5	GPATCH4	CCT8	FTL	TK1	MKI67IP	PSMA5	PSMB7	EID1	COX7A2	MRPL13	BAZ1A	HNRNPAB	EPCAM	SF3B2	GGCT	SSB	PRDX4	DDX46	BRK1	EMP3	TMED9	PNN	PSMC1	EPRS	FXYD5	CDC123	PHGDH	ATP5C1	FOLR3	CYR61	NUDT14	PSMD6	CLIC3	MAD2L1	BTG3	PSMA1	FBXO2	TMED10	FARSA	SEC62	GORASP2	SUB1	HMGB2	EIF3D	NOP58	SRI	SSRP1	DNAJC8	MFAP1	MCM7	PAICS	MRPL40	C21orf59	PLOD2	C7orf10	SHMT2	PSMC2	NOL7	NABP2	NDUFB4	MT-ND6	PARP1	EIF1AX	NDUFB6	RABAC1	RRM2	MRPL9	C4orf48	SF3B14	SPCS2	PARK7	GTF2A2	ALDH1A3	RGS2	RPP30	NGFRAP1	MZT2A	EXOSC8	GARS	COPS2	EEF1E1	ARG2	CTNNAL1	ATP5O	C14orf166	MRPL4	MRPL1	MDH2	C19orf53	CAPG	GRPEL1	SNX2	CENPF	FAM127A	AURKAIP1	EIF2A	SNRNP70	ETFA	CENPV	CSTF3	PSMC6	MRPS34	EIF4A3	NOB1	SLC25A5	PSMB2	IK	SNCG	AAMP	NUDT5	APEX1	CSPP1	COX6A1	MRPS18C	HSBP1	CHMP5	ASF1B	FRA10AC1	EIF3M	DDX52	IL24	ARL3	SMC2	NOLC1	C14orf119	PHB	MPHOSPH10	COX8A	RUVBL1	ADSL	TFB2M	ERP29	NDUFB3	ESF1	BAZ1B	C8orf76	FJX1	LTV1	SEPT7	DOHH	KIF23	PHB2	MOB4	CAPZA2	PDPN	COPS5	GTF2B	NUCB2	KIF20A	BUB1	MRPS9	RBBP7	PSMA2.1	CDC45	NANS	MLLT11	EZH2	NUF2	CKAP5	PAK1IP1	C3orf38	HMGXB4	PDHB	CWC27	NDUFC2	PFDN4	COQ2	GPR176	POLR2C	PLCXD2	WDR43	MRPS35	ENY2	DUSP11	C19orf10	NUDT21	LAP3	FUS	PPP4R4	TMEM203	MRPL22	SPOP	GLIPR1	BCCIP	FRAT2	BUB3	NDUFA5	CTNNBIP1	ECI2	PDLIM2	CENPH	NCOR1	RBP1	IDH3A	HPRT1	NSD1	GLRX2	NOL8	AKR1B1	PPM1G	ARF6	FOXRED1	BNIP3L	CHAC2	MCTS1	AK2	JAGN1	SPCS1	RRP1	SHFM1	TBCC	FNDC4	CSRP2	RAB38	BCAR3	FADD	CCNA2	SERPINE1	STAMBP	SUPT16H	MRPS7	GADD45GIP1	EXOSC3	LSM7	TTC26	DHPS	NDUFA6	MRPL48	NDUFAB1	RNASEH2A	NOP10	MED27	THAP11	FEN1	CWC22	DDX24	COX20	CLNS1A	MRPL46	MRPL15	PEBP1	NAPRT1	AHSA1	RNF114	ASF1A	PDCD7	C7orf73	KIAA0020	MRPL32	ASPHD2	EFNB1	PSMD3	SNRNP40	IFT57	RAB2A	PSRC1	MYBL2	PSMB4	ESD	BZW2	CMSS1	SSR2	METRNL	RFC4	MICU2	C12orf45	IFRD2	COX14	CCNB2	ECHDC1	ACTL6A	LSM6	NDUFS5	ISCA2	GNA15	HMGXB3	NDUFS3	C1orf109	SEMA3C	MPDU1	CC2D2A	PSMD4	EIF2B1	MRPS26	GEMIN2	SPOCK1	SCFD1	SPAG7	FIP1L1	GRWD1	PHF19	BICD2	CHD8	ADH5	TERF1	ARL13B	CRCP	MYO5C	DBN1	DRG1	DDX11	PHF10	GFM2	MRPL28	PRPF38A	KDM2B	SNX5	TRIP6	ANKHD1	NKIRAS1	LAMTOR2	CENPC	GPATCH11	NSA2	CTNNBL1	ARID3A	NGF	DNTTIP2	HSBP1L1	SAR1B	CLK4	CCDC93	RFK	TIMMDC1	PEX13	P2RY11	SUGT1	COL4A6	CENPE	GAR1	KIF11	PDSS1	HAUS1	STEAP1	RHOT1	RNF40	CDKN2AIP	STRAP	FNTA	ITGB3BP	SPG20	CCDC86	CDC16	EIF2B3	EHMT2	CTBP2	EFCAB2	NRM	DIMT1	ALDH4A1	RGMB	CDCA3	TRIP13	LRRC69	EMG1	AGGF1	ARL5A	MAT2A	CDC40	MRPS11	PHPT1	EML4	GLUL	FKBP14	ERMAP	ARFIP2	NUDCD1	ELK3	SRPK1	EBLN2	SLC35A1	C4orf27	EAPP	JOSD2	FCRLB	ATP6V1D	CCNO	C6orf47	RRP7A	CLCF1	NTMT1	FOXP1	MARK2	EIF4ENIF1	AXL	TIMM23	VAMP3	RBBP8	LSMD1	QTRT1	JMJD6	MRPS18A	NAA10	CCDC126	RFC5	PFAS	HAX1	RNF113A	C7orf55-LUC7L2	ECE2	AKAP9	SSBP3	DDX39B	SAT2	SKA1	SPECC1L	HSF2	DPH2	PAK1	FIS1	RNF181	EXOSC6	TAMM41	KIDINS220	FXR1	HS6ST1	GABARAPL2	ALG3	ADCK2	INCENP	DHX32	PPIL1	PRC1	AATF	GPALPP1	GRAMD1A	MIB2	MAP1LC3A	TMEM230	GEMIN6	NDUFA3	DNASE2	RNASET2	PTDSS1	PPP1R3B	AKAP8	RNASEH1	SETD1A	TPRKB	KNOP1	EIF2B2	RBX1	CTSV	CLCN7	GNPNAT1	EEA1	MPZL2	BET1L	MRPL35	RASSF1	COX17	CEP95	FDX1	GAPVD1	ARID4A	NR2C2AP	DBNL	EFTUD2	MB21D1	DYNLRB1	ARID1B	DYNLT1	CDT1	SH2D5	ELF2	AP4M1	REXO2	CHMP7	PHF20L1	IDH2	NDUFA9	CHCHD1	HDAC3	NFYB	GTF2H1	ATG9A	DYSF	DCAF5	POPDC2	CCDC14	PIP4K2C	LRP3	TEAD4	KRTCAP2	C10orf76	RILPL2	GPKOW	VWA5A	MRPL43	PPHLN1	KIAA1217	CCDC25	CD2BP2	DEF8	PIM2	PPA2	PCGF1	DDT	MRPS36	HYLS1	CHEK2	ANKRD54	MLKL	PTK2B	CNN3	DONSON	CNPPD1	ASB7	BIN1	NDUFAF7	AFMID	MTHFD1	AGTRAP	GSTM3	GTF2F1	SAP18	DICER1	CAPN12	ACO2	ACTR6	C3orf62	PIK3CB	TROVE2	NANP	FKBPL	CHRAC1	STK10	CHIC2	NUDT11	RHBDD2	PCNX	RNF7	SAP30L	CTDSP1	DPM3	CCDC28A	CLASP2	HCLS1	HIST1H2BC	AUP1	FRS2	MARC1	ERICH1	NBN	PQLC3	GPT2	ATAD2	LGALS7B	DCXR	IL17RA	BABAM1	COMMD1	NIPA2	MOGS	BLOC1S4	SNF8	C16orf45	KIAA0195	EID2	CHMP2A	BCAT2	IPPK	NFXL1	NAT14	BLMH	RPAP3	MPST	RB1	HILPDA	HMMR	NME1-NME2	RCN1	COA1	PHF17	ATRAID	TRAPPC2L	CINP	ASH2L	LMNB2	MTX2	CCDC57	CDCA2	PSD3	MAP2K7	DPP9	ALKBH1	MBIP	ABR	CYB5B	MCAT	GINM1	KIAA0586	GID8	TRNP1	HS6ST2	SARNP	DDX49	FKBP2	NCKAP5L	DCPS	NDUFV3	B3GALNT1	ITGA10	ADCK1	NUBP2	PAPD5	MPC2	MARVELD2	HEBP2	RBFA	CASP2	PKP2	SEL1L3	CEP68	DFFA	CCDC104	GSTCD	SYDE1	RASSF7	RNMTL1	RABL5	MYLPF	ARHGEF39	CTNS	PYCR2	LPCAT4	GNL2	ATP13A2	TEFM	TMEM138	MDP1	MED28	TAF6L	RHOT2	LPCAT1	NUP93	PGM2	CISD3	PCID2	GSR	NCOA5	ISY1	PPP5C	ATG4D	SHCBP1	PVR	ATAD3B	CRIM1	ARL2	C3orf17	DDX6	NFATC2IP	LIPE	NPRL2	LACTB	FPGT	GOLM1	MTX1	C10orf91	PDHX	PI4K2B	PPAT	FUOM	CMC1	TCEAL8	USMG5	DNAJC11	CDC42EP5	SLC39A4	MFAP5	ABI2	MAP2K3	ARMCX3	GMPR2	DYRK4	GPR108	GUCD1	AP3S2	ERMP1	GALNS	ODF2	LARP6	GLT8D1	EIF2S3	ERCC3	HMBS	NDUFB10	MCM4	PGLS	OSGIN1	PIGX	RELL2	EPM2AIP1	GGACT	PPIL4	FAM135A	C1orf86	FAM129A	SLC25A4	MTO1	KAT8	TMPO	MTFR2	MRPL24	IKBKG	PRPF40B	SMIM13	GALT	CBWD6	CNTNAP2	GTF2H2	JMY	CIDEA	COX15	TMEM87A	GTF2H2C	TAF11	CFDP1	ME2	PDE8A	SCLY	LIMK1	LA16c-431H6.6	NCS1	SKP2	AAED1	PAFAH1B1	ARMC5	PDCD2L	PDXK	STC1	HOOK2	PURA	NME7	ABCB7	PLS1	SH3YL1	DIDO1	POLR3D	ALAD	GINS3	ENG	CHERP	CCNL2	DAZAP2	IPO8	CENPO	CTDSPL	LCAT	FAM98B	ADRBK1	PLEK2	CEP78	CCNH	C12orf54	MAST2	SLC43A3	MPC1	ANAPC2	PPP1R1C	NTAN1	DPP7	LYRM5	SUMF2	SRA1	CLP1	FAM134C	GSTA4	RBMS2	LRRC42	DERL2	NBEAL1	LPXN	FAHD2B	TUFM	CCNY	AGTPBP1	FOCAD	ARHGAP8	ACP2	C1QTNF6	CTU2	MDFIC	GALK2	GCHFR	AIG1	RMDN3	ATP5SL	TMEM42	ATF7	C18orf8	ERCC8	NENF	ELF4	ST20	CACTIN	FAM92A1	CCDC88B	NIPAL2	TFCP2	CHMP4A	CDH13	MTAP	NIPBL	STIL	CCBL2	C6orf226	NMRK1	BCKDHB	NOC3L	AC018816.3	GMEB1	SHISA4	ERCC4	ETV4	MACROD1	SART1	PTCD3	POPDC3	KDM1A	RAB4A	BOLA2B	LRFN4	MORN2	TMEM245	NDUFS8	PRKAG1	HINFP	CYB5A	MRPL11	EGFL7	MID1	MRPS25	SLC5A6	TMSB4X	SLC25A11	TM2D3	KIAA1324	CAD	RABEP1	TPM2	OPA3	PSPH	MXRA7	POLE4	NDUFA2	DOCK5	NPHP3	NKTR	PRMT5	MTRNR2L2	TMEM219	SPC24	PMF1	SH2D4A	SPEN	MICA	PIN4	PNPT1	EFCAB11	KCTD14	UBL5	UQCR11.1	TUBA1C	VAMP8	TSPO	UBB	SNRPB2	SET	UBE2T	TRAPPC1	TUBB6	SNAPC1	SRP14	SMIM22	ZWINT	TSPAN1	VDAC2	UQCRC1	PSME2	SSR3	SELK	WBSCR22	VDAC3	POLR2G	SMC3	UQCRFS1	VIM	UQCRQ	SNRPD3	UBXN1	TGS1	SMIM4	PSMD13	TSTD1	SLC25A33	UTP3	MIS18A	SUCLG1	SRSF9	TBPL1	TOMM40	SRSF4	ZZZ3	SAFB2	PSMC4	ZNF440	ZNRD1	THRAP3	ZNHIT1	VRK1	TXNDC12	UBE2Q1	WDR45	SSR4	SLC25A38	SOX7	CHCHD10	RPF2	ZC3H18	SLC35B1	URM1	SSU72	YRDC	SLC44A3	SP100	TINAGL1	TRAFD1	SGTA	SRP9	ZNF330	UCHL3	THAP7	TRMU	SURF6	PPCDC	POLR3A	TP53I11	TMEM126A	UBA2	RCL1	UTP6	TOR1AIP1	ST6GALNAC2	SREBF1	UBXN4	NIPA1	UBA5	RDH10	TMEM134	SNX13	RHOQ	UBE2V2	ST7L	TRIM27	TMEM258	ZNF266	ZNF282	XPO4	SHROOM2	VPS26A	SFPQ	STXBP3	SETD3	MINK1	WDR18	TMEM14B	SLC17A5	SF1	TRIM7	UMPS	SLC4A7	UQCC2	USP39	MPV17L2	PDDC1	UTP11L	TAF6	SMYD4	ZNF587	SMYD3	SPC25	TMEM177	RBMS1	TNKS1BP1	PICALM	PTBP3	XPA	PHF15	SMC1A	ZNF669	ZFC3H1	SHROOM3	UIMC1	SP140L	TRAF3	WASF1	TRIM56	WDR12	WRAP53	NBEAL2	PRR11	ZNF259	SNRK	ZNF839	NUPL2	RPRD1A	TCHP	UFL1	SDR42E1	STX7	WDR66	SORD	GAS2L1	SAAL1	EMC2	RANGRF	TMEM5	EP300	ZNF32	VAV2	UPF3B	MICB	TSR1	SAMM50	RAB8A	KLHDC3	MFHAS1	RNF25	EGLN3	MAP7	ST7	SNAPC3	FAM127B	PIKFYVE	SEC11A	SCRN1	TOMM20	SLC37A3	XKR8	ZW10	ZFPL1	UQCRC2	TGOLN2	VPS18	FBXL3	SPOPL	NREP	MOSPD3	TAGLN	METTL2A	TSR3	SDCCAG8	NUAK1	RNF167	TMEM50B	PIGL	WDR36	MVK	TRIQK	RUFY1	NMNAT1	SOGA1	SOCS2	CDCA7L	SH3TC1	FAHD2A	WDR41	KIFC3	SRPRB	TRPT1	SHMT1	M6PR	MSANTD4	POLR3H	SAMD1	SLC1A4	TSC1	RABIF	ZNF468	SNX4	NUP188	GEMIN8	POGZ	WDR76	PRKAA1	SNAP23	RAB34	FDX1L	TANGO6	TRAM2	TFB1M	TYSND1	SASS6	PPARA	DRG2	PPP6R3	NUP62	PGAM5	SMUG1	SIK3	HOOK3	SPATS2	UBP1	UBR5	RMI2	WDR77	PIK3C3	TVP23B	NELFE	UBQLN2	ZDHHC9	TSEN54	SLC25A53	TRIM61	CLMP	WDFY3	TOP2B	XRRA1	ZNF317	SLC48A1	TCF3	SLC37A2	UBFD1	PRKD3	PYCRL	SCAF4	LYRM4	CDC42BPB	POLR2J	MYPOP	RP2	SNX8	YPEL3	KBTBD8	ZNF44	SRD5A3	NUDCD2	ZNF324	POLR2J3	WRAP73	SUSD1	WFS1	ZNF140	ZFHX3	GNB4	TMEM30B	XPO5	TNRC6A	PORCN	MDC1	KRBA1	LYPLAL1	TLN1	TMX2	ZDHHC18	TOMM70A	BIRC6	VMA21	TMEM242	WDR4	MTMR14	SMIM20	RFX1	TTC17	SLC25A10.1	TMEM261	SLC7A6OS	UPF3A	SLC37A1	USP40	TMEM167B	IFNAR2	SMAP2	STARD10	SLC38A9	ZBTB4	NSG1	GLTPD1	RAB11FIP2	PSMB9	CREB3L4	UCHL5	WIZ	SLC35A2	PTRHD1	KLHL17	L3MBTL3	SSBP4	RAD51D	SPAG16	DERA	C9orf116	AXIN1	PRKDC	SLC18B1	DNAJB14	FAM207A	STYX	TMEM14A	ELP2	USP11	USE1	ZNF688	TLE4	LPCAT3	RBM28	ECHDC2	DAG1	IMPA2	SMIM1	TEX261	TMEM39A	TMEM104	PTGES2	RILP	STX8	PMVK	ZNF714	USP6NL	IKBKAP	TTC14	ST6GALNAC4	PTPLA	OSTF1	TRAPPC10	ZC2HC1A	PAFAH1B3	KIF13A	TMEM208	MSRB2	MDN1	GSTO2	CLDN15	NELFA	SEPP1	PSORS1C1	TBXAS1	PAIP2	SLC25A14	C22orf39
M13	-0.078350849116226	0.154268331724168	H2AFZ	HMGB1	CKS1B	HMGN2	PTMA	ODC1	HMGA1	MT1E	CYCS	HMGN1	H2AFV	DEK	HIST1H4C	SNRPF	CENPN	SNRPB	NCL	SLIRP	CENPW	ERH	ANP32B	BIRC5	KIAA0101	CDCA5	H1FX	NPM3	AURKA	CDCA8	MRPL51	POMP	CCDC59	DUT	CEP55	LYAR	CWC15	NUCKS1	MRPL52	CDK4	CDKN3	HSPE1	SNRPC	CBX3	GMNN	DBF4	AURKB	SF3B5	BANF1	IMP4	PHF5A	PDCD5	C1orf43	LAMTOR5	BOD1	FAM60A	CCNB1	C8orf59	BRIX1	NDUFV2	CDC20	BUD31	SNRPD1	MRPL18	SIVA1	GLRX5	SNRPA1	DNAJC9	C16orf91	MLF1IP	CARD6	BCL2L12	CDC25A	EIF2AK4	GINS2	MRPL14	SLMO2	CD3EAP	MRPL47	NDUFAF4	LRR1	CCNI	MXD4	CBX1	CTDNEP1	EXOSC9	SYMPK	SMC4	MRPS15	ANAPC11	C2orf49	SF3B4	CDC6	RPS19BP1	CLPP	TWISTNB	ATP5D	APITD1	LARP7	MARVELD3	CMC2	DYNC1LI1	NDUFA12	DIAPH3	DHFR	TFDP1	TM9SF4	AGPAT5	FKBP11	LSM3	PBK	IL32	DCTPP1	CEBPZ	DSN1	HIST1H1E	AREL1	SUV39H1	CNPY2	FOXM1	RGCC	CPSF2	AVIL	COQ10A	ALKBH2	FBXO5	TROAP	RIOK2	COQ3	CRK	LRRC1	HDDC2	CCNK	ATG7	CEP152	C2orf69	DMXL1	POLR3K	CCDC34	CDK11A	DNAJC19	MCAM	C9orf78	TFAM	ISCU	PIGC	HCFC1R1	COMMD2	PET117	SNRNP25	MND1	C2orf47	C21orf58	COPRS	GEMIN5	RNF4	PIF1	MYL5	ATG12	HIF1AN	MRTO4	NAGK	DEPDC1	EDF1	MIER2	KIAA0907	CDKN2AIPNL	DCAF8	LSM14B	CSNK2A1	KCTD2	CDR2L	CRYZL1	C19orf40	HERC3	DHX29	MAD2L2	CSRP2BP	CCDC112	CCDC51	E4F1	MAK16	TXNDC11	ATF6B	BCL7A	ATAD3A	ERAL1	MSL1	KAT7	MED18	KIF2C	GNB1L	MORC4	DAGLB	PDZK1IP1	FAM105B	KIF4A	SLC26A2	CIAO1	SLBP	C7orf50	NDUFAF2	DUSP12	FLAD1	MTF2	HMGN3	DIAPH2	CDKN2D	MRPL12	C5orf56	CCDC18	DLGAP5	TOP2A	SIRPA	EIF5A	HIST2H2AC	RPUSD2	ACD	EMP2	RRP9	TMEM30A	LYRM1	BNIP1	CEPT1	FAM177A1	DDX59	KIF20B	ARID1A	MZT1	INTS10	LONP1	MIS18BP1	MSL3	DENND4B	CHAF1A	BAX	FAM53C	MASTL	ARID2	RELT	C19orf47	SKA3	APTX	MT1X	NCBP2	NUP37	FAM219A	PSMC3IP	EPB41L2	CHD9	ANKRA2	CD99L2	PCNT	MAPKAPK3	DAPK3	ACYP1	DDX19B	NDUFA4L2	LSM5	NRP2	LSM2	ABCB10	KMT2D	GOLGA8A	DLEU1	AHCTF1	CHAF1B	KXD1	PAXBP1	EOGT	SLC2A8	DTNB	RAC3	DMRTA1	AMZ2	OSGEP	EXOC8	COMTD1	TANK	SLC22A18	CHRNA5	MTMR12	C6orf57	KATNA1	AEN	C1orf174	FASTK	QTRTD1	RECQL4	CLN6	PELO	SGOL1	PDRG1	DIABLO	CENPL	ARHGAP11B	NUDT9	AARSD1	PDCD2	ODF3B	NUSAP1	EPS15	ACN9	ARHGEF1	FANCG	MCUR1	POLR3C	LAGE3	ICMT	RNF166	CENPM	KIAA1430	C9orf142	APOBEC3F	FAM110A	MTMR2	NETO2	MED30	PLA2G12A	C17orf85	FNBP4	SMYD2	CASP8	MPP5	DCUN1D4	MGME1	FAM83D	DAP3	NSUN6	SNRPG	MED19	TMF1	NUDT1	JKAMP	PER2	CISD2	CYB5D2	NARS	RXRA	KAT5	FTO	MRPL23	DUSP22	MOK	GLI4	PRRC1	HAGH	THOC7	DAPL1	PCGF2	VIPAS39	C12orf4	ERLIN1	CLN3.1	DCLRE1C	KRTCAP3	APOBEC3C	KIF22	AKR1C3	SNX27	POGK	PYURF	PCM1	PHIP	PRPS2	TDG	FECH	NUP153	RPIA	ENSA	UBE2S	U2AF1	STMN1	SNRPE	PPP1R14B	TMEM40	TRMT112	UBE2C	UBE2I	SKA2	POLE3	PRSS3	SUMO2	SAP30	RPL26L1	RPL39L	ZCRB1	USP1	UBE2L3	TMEM9B	METTL2B	JTB	TBCA	ZNF511	PSIP1	SLC9A3R2	TOE1	TUBG1	SNRPA	POLD2	TUSC1	MRPS12	PYCR1	TIMM10	RBM22	TTC39C	PXMP2	RAB5C	UNC50	ORC6	NEK3	ARHGEF35	ZBTB2	TAF3	RNF138	TMED2	TRMT6	PC	PIAS4	ORAOV1	ZDHHC6	FAM58A	YARS2	UTP15	SYCE1L	TOR1A	ZFYVE27	ZNF561	SNAPIN	TMEM167A	SEC22C	FAM72A	TGM2	ZNF85	ZP3	ZNF512	TSFM	POLR1A	UBA6	TP63	FAM118A	PAM	MRPS33	TTLL4	LRRC58	TOMM22	NIPAL1	NCAPH2	POLR1C	USP22	NUDT15	RNF38	TMEM237	SPTY2D1	PHRF1	PPP2R3A	RNASEH2B	UPF1	TXNL4A	NDNL2	NDUFA10	SUCO	PKIG	TMEM147	UBE2O	SMIM7	TEX14	QRICH1	MREG	RFC2	PAK6	SMG9	TMX4	POLM	TASP1	THSD1	IMMP1L	WWOX	WDR5	SEZ6L2	TMEM63A	UBXN11	SNRPD2	PLXNA1	ZDHHC4	THTPA	CDK12	POMT1	LRRC14	THOP1	MED22	PI4K2A	RBM14	MTRNR2L8	TRNT1	SMARCE1	SWI5	PLCB3	PRMT3	HSD17B7	SLC39A14	SLC39A3	ABHD10	PRTFDC1	CBL	ZNF830	MYO9A	XRCC2	MLF1	ZNF692	PDSS2	MTHFD2L	PCBD2	ZNF664	VPS11	GTDC1	TUBGCP4	UBE3B	RSPH3	RAB4B	GLB1L	RNF115	SMARCA2	POLR3GL	PRR7	TCTEX1D2	FHOD3	ZBTB8OS	FAM104B	SLC25A13	SEMA4A	PIN1
M14	0.148747716962058	0.005024186943295	RPL19	RPS2	RPS6	RPS25	PERP	GNAS	DCBLD2	RAB11A	MSMO1	RPSA	CCND1	HSD17B12	C15orf48	GNS	ARL6IP5	FAM114A2	PRNP	CYB5R1	CTSD	B4GALT1	DCBLD1	MACC1	B3GNT5	ANAPC15	GTF3A	CLN5	C11orf31	NOTCH2	CYP24A1	TAB3	LCOR	MB21D2	FNIP2	ITGAE	CMAS	LGALS8	PURB	AKT1	EVA1A	FBXO42	NUP205	ATXN2	CDIPT	GPN2	FAM160B2	CAMSAP1	DENND4C	ACER3	BTBD6	DPH3	KPNA4	CLCA2	MIPEP	FSTL3	ANKRD13A	ABHD14B	IDH1	NRP1	KIAA2013	HIC2	C15orf40	PINK1	RPSAP58	SC5D	ZDHHC13	STAT1	TSPYL1	UGP2	REEP3	NXN	NKIRAS2	SUN2	SGPP1	SLC39A13	TATDN1	SPTLC1	POLK	PLEKHA1
M15	0.079981279988296	0.153259649825745	CRCT1	KLK10	CSTB	RHCG	KLK11	KRT16	SPRR1B	PRSS22	PI3	SLPI	SPRR2A	SPRR1A	S100A8	SLC6A14	S100A9	SPRR2D	CST6	SCEL	SPRR2E	LCN2	AQP3	C9orf169	SULT2B1	DSG3	SERPINB2	PKIB	PPL	CXCL17	MT2A	SERPINB1	CKB	CLDN1	MURC	MALL	MUC1	ECM1	MAL2	ERBB3	FGF11	CLDN4	EMP1	C3orf14	CNFN	SAA1	COL4A3BP	CPM	RAB11FIP1	CDA	C6orf132	IL36G	KCNG1	TRIT1	ELF3	ITGB1BP1	HES2	DGKH	GTPBP1	GDAP1	CRABP2	HSPB11	FAM102A	ATP2B4	LLGL2	MNT	HGSNAT	FBXL19	NRARP	ARHGAP21	PAFAH2	SLAMF9	ADD3	BACH1	AIP	NIPAL4	FTSJ3	ABLIM1	ATF2	ATP8B1	ACSL1	MPZL3	CROT	BCAT1	PAX9	RNF152	AJUBA	PPM1A	ANO9	B3GNT3	RAB27B	F2R	MFSD3	C3orf67	HOOK1	SMPD1	CHST15	ADAT1	MBOAT2	CCDC69	HSPB1	CAMKMT	RNPEPL1	ABLIM3	PLEKHM2	RAB3D	CARD11	BCL9L	SLC44A2	AZI1	SAA2	CLK2	IFT81	C11orf80	SNN	PCDH1	LYPD3	PPM1F	KIAA1033	GBA	C1orf56	ANKRD9	BAP1	FAM89B	GPR110	ATG4A	DPY30	BTRC	SLC35F6	COLGALT1	LSM11	AKAP10	FAM228B	CAMK2N1	CCZ1	PITPNC1	RP11-180C1.1	STK32C	CTIF	SHPRH	ARHGEF18	PTGES	SH3PXD2B	ASCC3	ST3GAL4	S100A4	EPN3	C1orf162	FBXO25	DXO	ARHGEF37	NT5C2	ANKRD52	RAB33B	GNPTAB	CES2	MROH1	B4GALT7	CLUH	hsa-mir-1199	NOP9	C15orf52	CPT2	CYB5R2	ARSK	C18orf32	TOM1L2	PRPF4B	A1BG	GJB6	FBXO32	S100A7	KCTD1	LRRC16A	AEBP2	C4orf36	FAM219B	ASPHD1	STRBP	IFT172	RPS27L	HOMER2	LRRC23	LPAR3	GNG11	ATF7IP2	CLDN7	MARCH2	SCD5	S100P	TMPRSS4	SERPINB10	ZNF710	TSC2	ZBTB7B	RNF144B	NMU	RHOV	TSPAN6	TFAP2C	PIP4K2B	ZDHHC21	TGFA	ZNF562	TRAPPC8	TAF2	SMURF1	VCPIP1	SENP3	USP33	PRKAR1B	WNT7A	DNAJC16	C9orf64	TRIM5	KRT17	TRIM29	RAP2A	CTSS	SLC9A6	PIK3R1	KDM6A	MTSS1	KRT75	SPG21	TTC5	PLCD1	TMEM19	UBASH3B	SYNE4	ZC3H3	NPTN	UCP2	YEATS2	PTPRU	R3HDM1	SLC27A4	ZCCHC10	TPP1	PLBD2	C10orf11	ZNF227	DHRS11	ZNF90	TPST1	SLC25A24	TCFL5	STAT3	MPI	RBAK-RBAKDN	RARG	MPPE1	EVI5	SPINK5	TST	CREBL2	FAM73B	HDAC6	SLC50A1	TMSB15B	ATXN7L1
M16	0.140504945632817	0.007266005563436	ACTB	ENO1	ANXA2	KRT5	KRT6A	KRT19	ALDOA	LDHA	ACTG1	PKM	ITGB1	GAPDH	PGK1	AP2S1	CLTB	KRT14	CDC37	KRT18	BCAP31	CAP1	CAST	CAPN1	CNN2	ARPC3	CAPZB	GPS1	COL17A1	ACTN1	ST13	ITGA6	COTL1	DKK3	ARPC2	CAPN2	ERO1L	EFEMP1	CDH3	CYGB	ACOT7	PRDX2	COMMD6	APP	ACTR2	FKBP3	HADHA	COPE	GLO1	CD44	JUP	CALM3	AP2M1	IL1RN	GDI2	GSN	HDLBP	GNAI2	DNAJB6	RHOD	GRINA	CSRP1	EIF4G2	AHCY	DCTN2	CTTN	ACAA1	CD81	NDFIP2	EPN1	ACADVL	FAM83A	ESYT1	ACLY	GALNT2	ANXA11	ANXA3	GLTP	GNB1	PYCARD	FEZ1	CCNC	AP1M2	BNIP3	ERGIC1	CDH1	PTBP1	CAV2	CBX5	P4HA2	ATIC	MSN	KDELR2	HK1	GIPC1	OCIAD2	ASPH	ANAPC5	NT5DC2	WDTC1	FBXO3	CHMP1B	CPNE3	TPM3	OLA1	DCAF12	IMPDH1	DSTN	GAS6	OXLD1	RCN2	ASAH1	PSME4	ERCC1	F3	MRFAP1L1	ARF3	COPS6	ASS1	APRT	ADAM9	ATP6V0D1	COPS4	CAPNS1	COMMD4	CORO1B	AK1	MAP2K4	DNAJC10	HIST2H2AA3	ATP2C1	CSNK2B	COPS7A	KRT6B	EIF3G	AHCYL1	NDUFAF3	IRS1	GM2A	KIAA0196	PGM1	C11orf58	ELOVL1	EEF2	FLOT2	HSD17B10	GOT2	GABPB2	CYB561A3	TPI1	MINPP1	LIPA	ALDH2	DCP1A	AMFR	IQGAP1	AGPAT2	CHMP3	HM13	DNMT1	FDFT1	MLX	SLC25A3	NDUFA8	COX7A2L	PGM2L1	EXOSC1	AP1S1	MGMT	MRPS30	MTA2	BID	SHC1	CEP57	MICU1	MAP2K2	TAOK1	ASNSD1	CD9	GLRX	GYS1	ANXA4	CLIC4	DECR1	DPH7	CORO1C	ADCK5	PITX1	YIPF3	ASCC2	GNB2	SIAH2	C1orf216	MYO9B	KRT8	AAMDC	TARS2	DLG5	PPIC	GBAS	DDB1	TMBIM1	CTNND1	RNF168	FADS2	ELOVL5	CD82	DNAJC1	TM9SF2	ATG2A	CD109	BLVRB	NUMA1	C16orf13	DNAJC5	DDB2	INSIG1	AMD1	FBXL2	BTBD10	PLS3	EHD2	CDK16	GCLC	LAD1	APMAP	IDH3G	HK2	GPC1	EXOC7	CYFIP1	LYPLA2	ATAD1	ARL1	ABCB8	FBXO6	GMPPA	SERINC3	FAM126B	FAM3C	CARHSP1	ATG5	CDADC1	L3MBTL2	PRR13	CTTNBP2NL	KRT7	LTBP4	IMPAD1	CEP63	FAM120A	GIT1	AAGAB	ATP6V1E1	MANBAL	LYPLA1	DUS1L	TLE1	EEFSEC	ALG1	SCARB2	BAG6	BRPF1	ABHD17A	C12orf39	MYADM	OSBPL10	JHDM1D	NDFIP1	PTPN3	PLTP	PRKCZ	CERCAM	PYGB	PAK4	GSK3B	GPI	CTSZ	MAP2K1	METAP2	CCS	C14orf1	CMTM7	AL592284.1	MBOAT7	BLVRA	CCDC167	BIRC2	ARMC10	HAUS2	FAM50A	ADCK4	EZH1	CNIH1	ALDH7A1	MAPRE3	NCF2	REST	LRRC8D	NACC1	ALKBH7	LEPREL4	COPG1	KIAA1598	COQ7	ECE1	HMGCL	MYL9	C6orf1	PLOD1	CDKN2A	RPUSD1	SDC1	MCCC2	CA12	CD74	AP5S1	HSDL1	ERI2	CHRNB1	C20orf196	COL7A1	C2CD2L	ALDH3A2	CUL3	MAPK13	FTSJ1	LMOD3	PLXNA2	CAMTA2	CD68	GALNT6	C16orf93	MAPKAP1	LAMTOR4	TBC1D22A	HLA-DPB1	GUF1	PIGK	SYNGR2	POLR2E	MFSD10	DHRS12	ARF5	KLHL5	KIF9	PDLIM1	C21orf33	MRPS27	PKP1	ARSA	CKMT1B	SRGAP3	RBM38	TM2D1	DGKA	LDOC1	GFER	NDRG1	PARVB	IPO13	ABRACL	CNP	CCDC115	CKMT1A	LTBP3	BACE2	SP1	GSTK1	C9orf41	PPP1CC	PIGP	FUNDC2	PVRL1	CRTC3	RFNG	TSPAN4	CIB2	SBF1	SDCBP2	PKNOX1	MKKS	GTF2I	STARD4	PRMT1	F12	RUSC1	POLR2F	LEPROTL1	S100A16	PGAM1	NUDT22	SOX4	POLD4	TAGLN2	VDAC1	SPINT2	TP53I3	WDR1	TNIP1	PDIA6	YWHAQ	TPM4	TGFBI	TAPBP	RPL36AL	XRCC5	SKP1	PPP1CA	PFDN5	TALDO1	TPM1	RHOA	UBA1	SERINC2	LAMP1	SP110	PTTG1IP	LGALS3	MYO1E	OPTN	HYI	POLR2K	TRAM1	RBM3	MVP	SMS	ZNF185	WARS2	TMBIM4.1	TOLLIP	SLC25A1	TOPORS	VOPP1	GPX3	PIH1D1	STXBP2	ZMPSTE24	PTPRK	RBM47	SLC38A5	SEPT2	GHITM	ZFYVE26	ATP5H	NDUFA11	SQRDL	TSPAN3	TAX1BP3	WARS	SEC13	MAP3K7CL	SDHAF1	UBE3A	KDELR1	ZNF614	RRAS	SLC38A10	RAB13	UBXN6	TBCB	UFD1L	FADS1	PDLIM7	RER1	NPC1	SHISA5	UTP23	ZKSCAN1	RTFDC1	PON2	RNF141	TECR	MMP14	MFSD11	TPD52	NIT2	SLC39A6	PGD	PLGRKT	PDZD11	SYPL1	PFKM	RGS10	MYOF	SACM1L	TUBA1A	PPIL3	ME1	TLE3	P4HA1	YAF2	TM9SF3	VPS28	TMED3	SEC23IP	RAB11FIP5	RSPH1	PCYT2	HINT2	RAC2	ZDHHC3	SLC29A1	PCSK9	TMEM248	LEPRE1	DYNC1LI2	RAF1	NUPL1	SLC2A9	ZYG11B	ZDHHC16	SOX12	PACS2	NPEPL1	TSPAN31	PXDN	TRIOBP	LIMS1	TRIM4	PGS1	SLC41A3	PRKCSH	PRCP	VPS16	LTBR	ZNF205	UBE2V1	STYXL1	SCOC	TAF12	SRD5A1	OCRL	SLC35B2	OBFC1	TPD52L1	FIBP	TMEM79	TMEM141	SLC2A4RG	TCTN3	FAH	TAF10	NUP85	SBNO1	SSR1	TMEM161A	TRIM28	KLC2	TCF7L1	ZBTB1	TMEM123	LCMT1	SLC9A3R1	NCOA3	RSU1	JAK1	SNX24	PCOLCE	MKL2	METTL10	PSENEN	PIK3R3	SUCLA2	GPX2	TMEM98	MMGT1	STAP2	ALAS1	AP3S1	SLC6A15	SCARB1	EIF4B	METTL12	UCHL1	TRPM7	HDAC11	TTC37	TATDN3	POMGNT1	PDCL3	NDN	CNEP1R1	SLC16A9	TRAF7	TINF2	STAU2	NMRAL1	SZRD1	PPME1	SPPL2A	UFC1	NPDC1	ZSWIM7	PMM1	PYGL	MECR	EPHX4	POU2F2	IGSF9	CCDC157	STK25	PCBD1	SLC35F5	NELFCD	PM20D2	SDHC	RETSAT	CCDC159	TMED1	SCP2	KCNS3	NRAS	SEC23A	PRDX3	SLC31A1	LYRM7	RGS16	YBEY	LETMD1	SLC27A5
M17	-0.077619167685015	0.154268331724168	EEF1A1	RPL10	RPL3	RPLP0	RPLP1	RPL41	PFN1	RPL8	RPS26	ARPC1B	ARPC1A	PRELID1	ETHE1	EIF3L	FKBP8	AP2B1	AES	EI24	RPS9	RPS6KB2	MTCH1	C17orf89	CSDE1	CRIP2	EIF4EBP1	HIGD1A	RABL6	ANAPC16	AKR7A2	RAB1B	G6PC3	FLII	PFN2	SLC35D1	PPP1CB	FBXW5	MMAB	PMS2	HAPLN3	ACOT13	LMAN2	FAM200B	ARNTL2	ROGDI	ADIPOR1	METRN	LRRC28	ERI3	GUSB	CLPTM1L	SDF4	CKLF	NUP54	HTRA1	RAI14	LYRM9	FBXO7	IRAK4	CRYL1	PTPMT1	CCDC91	RAD23A	MTHFD1L	FAM195A	GMDS	AGBL5	RNASEH2C	FAM3A	SHARPIN	PEMT	MECP2	AGPAT1	MMP10	IAH1	COMT	SLC25A39	MOB3B	QARS	MORN4	MPV17	DCTD	MLF2	EPDR1	SUMO3	COPZ2	MECOM	SUMO1	WSB2	TUSC3	PFDN6	TPGS2	VPS8	TSPAN13	TMEM54	SLC4A2	TM7SF3	SEPT11	SPRY1	TXN2	VARS	RNF10	NRG1	DYNLT3	CDK2AP1	UROS	TWSG1	IGF2	SLC37A4	SNX3	USB1	TMEM106C	SLC44A1	SIGMAR1	PGAP2	UBE2F	TMEM126B	PIGS	SERGEF	TNNT1	UFM1	SULT1A1	SLC25A26	PRADC1
M19	0.106279838391494	0.054098282546764	CXCL2	DDIT3	ATF3	CXCL1	PMAIP1	PPP1R15A	CEBPG	G0S2	ERRFI1	IER3	RND3	CCL20	GADD45A	CEBPB	CXCL3	ATF4	PHLDA1	BBC3	DUSP1	CREB5	SLC3A2	MAP1LC3B	JMJD1C	TRIB3	SESN2	DDIT4	PFDN2	ETS2	LURAP1L	ABL2	NHP2L1	IL8	DUSP5	C16orf72	HBEGF	PTGS2	CDKN1A	JUNB	CTGF	OSER1	MYC	BTG1	IER2	DDX10	ADAMTS1	CHMP2B	EFNB2	CCDC80	AREG	SERTAD1	MAFF	ADRB2	IRF2BP2	KLF6	JUN	BEX2	PTP4A1	NFKBIE	ARL4A	FHL2	H1F0	NFKBIA	MAFG	IRS2	IL6	EHF	SLTM	TES	DST	EIF1B	C12orf57	PPP1R10	CEBPD	SS18L2	ADPRHL2	IER5	KIAA1551	C12orf44	MORF4L2	H2AFX	PGF	CHD2	DEDD2	EPC1	KLF5	CSRNP1	RSRC2	SLC38A2	GTPBP4	PAG1	NR1D1	EDN1	CHAC1	RP9	IRF1	CSF2	GPBP1	TNF	AMOTL2	CDV3	GCA	CHD7	DNAJC14	FAM133B	CHMP4C	ASNS	BRD8	ARID4B	IFRD1	KLF10	EFNA1	WAC	ARID5B	BAMBI	CLK1	C1orf116	MIER1	IL1A	CCDC12	KRT10	INO80	RFC1	TXNIP	NUFIP2	ARRDC3	ETS1	EPG5	ASB1	LIMA1	LRIF1	KLHDC10	STK17A	E2F7	KLF4	TNFAIP2	CPEB4	NRBF2	TAB2	BTG2	SLC30A7	PLAU	GTF3C3	FAM46A	MAP7D1	MKNK2	BCL2L1	MRPL36	ABHD5	FAM103A1	ACSF3	MIDN	ISL1	DAPP1	SEPHS2	BMP2	PER1	GPATCH3	C17orf51	CBLL1	FAM210A	MCTP1	CHMP4B	MARCH7	PIM3	RNF214	DDR2	SLC1A5	TBRG1	BCL2A1	CSNK1E	ARFGAP2	C16orf80	AKIRIN2	RYBP	MAST4	QKI	ADAMTS6	HEXIM1	RPN1	HIVEP2	UBE2D2	PPWD1	LSM14A	GADD45B	TRIP11	MRPS31	MAFB	CREBZF	FLRT3	CARS	CYLD	HCAR3	GDF15	BCL10	FBXO28	TIFA	INHBA	ICAM1	KLF9	DDX27	GPRC5A	PHLDA3	CTNNB1	RFC3	RBAK	FGF2	TFAP2A	NOP2	ANKRD37	MAX	CBLB	LARP1B	ITSN2	TSLP	FAM96B	ATF1	STRN3	RBM7	CDK11B	ANAPC1	SOS1	MGAT2	GOLPH3	HSPA13	ECSIT	SRPK2	ANLN	COL12A1	MXD1	FOXO3	MBD4	AC008443.1	ROBO1	FCHSD1	NEDD4L	TMEM156	ATG14	FAM84B	BAZ2B	YTHDC1	MRPL17	FRMD6	CD83	SMIM12	KITLG	APOL6	BIVM	SMARCB1	ABHD17B	EMC6	CDK5RAP1	PLEKHO1	PDP1	MCL1	RHOG	ANAPC4	CDKN2B	ABI1	CHTF18	ITPKC	GNPDA1	RSBN1	MBD1	EFHD2	MTHFD2	ALOXE3	ARHGAP5	NDUFAF6	C3orf52	CDYL	ARHGAP12	GOT1	LSP1	IL6ST	DRAM1	ADPRM	CLU	FRMD4B	SIAH1	CCSER2	TFCP2L1	LATS2	NOL12	SRP19	NKAP	PPFIA3	GATA6	GCH1	AAK1	C10orf54	ANKRD18B	SFR1	XBP1	AHNAK	CSRNP2	LCP1	FASN	NABP1	FBXO11	IBA57	HDAC9	BFAR	TGIF1	MED13	CYB5D1	DNMBP	RUNX1	PREB	CCND3	DSEL	C14orf80	MEIS2	FOXO1	SLC25A25	TRIB1	CCNL1	LRRFIP2	KDM5B	ERF	C16orf74	MRPL42	ACADSB	C15orf57	CEP76	C10orf2	CDC37L1	PXDC1	DOCK9	C17orf80	POLR2M	GCC1	GRIPAP1	GCN1L1	MARK3	LST1	ANKRD50	CLINT1	FUT1	CHCHD3	DDX55	NAV3	SGMS1	DCUN1D3	EGLN2	ARID3B	JARID2	RNF169	OTUD4	CBX4	SAMD4A	ETV6	WWP1	SRRD	PCK2	ETF1	MAPK6	DEDD	CCDC85B	SPPL3	PTPRE	SLMAP	NUP50	DTX3L	BACE1	CRB3	PTCD1	FANCF	NET1	BLZF1	BCAM	C10orf118	MKRN2	INSIG2	HES1	ELF1	BLOC1S6	ARHGEF19	ARHGEF2	CSTF2	SEPT6	AMOTL1	KIAA0430	CBWD5	GRSF1	RRAGC	ANKRD32	MTA1	HS3ST1	GCFC2	C7orf26	DGCR8	NFKB1	MOSPD1	MAGEF1	DYRK2	ING5	AKAP1	LMO7	AFTPH	ATP13A3	ING1	ADNP2	FBXL12	LRRC40	GRK4	RND1	MARCKS	N4BP1	IRF6	STK17B	C5orf63	DDX20	RIC8A	NECAP1	COG4	ARHGEF12	PCNXL3	AGO2	C19orf60	UPP1	DNAJB2	RRP15	ANAPC13	CASC5	FOXD1	MBP	PCF11	IFT88	ENAH	AP001816.1	ARL5B	METTL18	DNAJC21	HERPUD2	FAM46B	DOLK	KBTBD2	KTI12	METTL16	COBLL1	DNAJA2	CENPQ	NCOR2	AP4E1	HIVEP1	DOK7	BEX4	HAUS5	TPBG	ITPRIP	ZNF131	MAPK1IP1L	NINJ1	MRPS17.1	HECTD3	RNF111	FAM118B	C1orf106	RGS3	EPS8L1	ESCO2	ZNF426	C20orf194	KANK1	CAMK2D	BNIP2	MSH2	CDK13	SENP5	ARHGEF10	EMC8	NR2C1	CCDC6	NPEPPS	CORO2A	FZR1	EGFR	PCDH7	UBE2R2	MOB1A	PIM1	CSF3	CENPA	BARD1	CCNG2	KREMEN1	C19orf52	POLR2A	FAM220A	DUSP14	NFKBIZ	CHUK	CLK3	TDRD3	CAMSAP2	GINS4	FAM53B	BLCAP	RAP2C	GNA11	DNAJB4	MTERFD1	C5orf51	ARL14EP	PRDM1	B4GALT3	COL4A2	MAP3K7	RPAP2	PUM1	GPCPD1	BASP1	C16orf52	ABCA1	PDCD4	HKR1	CCDC82	GTF3C5	SLC25A23	POM121	DCP2	C5orf24	PNRC1	CDKN1B	FAS	CDK6	SNX1	PILRB	PSTPIP2	SGK1	SRP54	ACBD6	ERC1	TERF2IP	API5	ALG2	COX10	ATXN7	ATXN7L3B	GPR115	MLH1	MACF1	EVPL	NAGS	OSBP	KIAA0226	SMARCAD1	KRIT1	SPCS3	AP1G1	KRAS	TOM1	GPATCH2	CENPP	SUZ12	COG8	TOB2	MOAP1	FBXO30	CNOT7	DESI2	ARTN	CPSF4	POFUT2	AFAP1L2	LRP6	IFIT5	MAGEH1	ISG20L2	SOX2	USP37	ETV3	ABCF2	CIRBP	BRWD3	CSGALNACT2	EREG	HDHD3	PLK2	BLOC1S2	MAP3K9	TMEM11	GMFB	C11orf82	RIPK2	KIAA1429	DYRK1A	DBR1	LARP1	ARIH2	GLG1	APPL2	METTL3	STX5	GNPDA2	AP3M2	CYP27B1	ARIH1	HECTD1	INPP4B	SLC7A11	POLA2	KIF2A	TBC1D9	PHACTR4	SRC	DOLPP1	QSER1	GAK	ARL6IP6	MIS12	RAB10	RRN3	ARHGAP26	CKAP4	CCK	CRY1	ZNF296	COMMD9	EHD4	CCDC120	RBM26	CTDSPL2	NXF1	SAFB	B3GNT2	TIMM50	DUOX1	ARHGEF7	TPRG1	NUP107	SLC25A32	PISD	KMT2E	KCMF1	ANKRD12	DUSP7	CCDC130	MRPL21	MIF4GD	SPATA2	FAM126A	SERP1	AGL	GPATCH2L	RBBP6	NOL3	SIRT5	FLJ27365	AKTIP	RTN2	FOXJ3	RPAIN	SLC35A4	TBC1D20	ETAA1	GPSM2	ZC3H12C	ATG16L1	FARS2	RXRB	MRPL54	BUD13	CNOT6	SMURF2	CRKL	PRR3	CCDC24	CARD8	RGL2	AFAP1L1	ITPK1	IRF2BPL	MRGBP	SMAD1	TMEM41A	MLH3	CELSR1	ERI1	TCEAL3	ATM	MTERF	ARMCX2	PLAA	ITSN1	ENTHD2	CAMK2G	NEIL2	SIRT1	HIAT1	CCNF	SYNE2	CBS	BRD1	RABL3	KDM5C	TIMM17B	PCDH17	MAP3K13	PEX11B	FURIN	FBXO33	CPSF7	MUL1	FBN2	IKBKB	EPHA1	GABARAPL1	AAR2	LYRM2	SPSB3	NEK2	C1orf51	RMND5B	PDPR	F2RL1	C22orf29	ATP6V1G1	SETDB1	EIF2B5	APOPT1	CCNJL	LINS	ADM5	ITGA1	RIMKLB	GSTT1	CDC42EP4	MED16	KIAA1143	IFFO2	SIDT2	ENDOV	LEMD3	BIK	FXN	GYG1	ING4	RPS6KB1	DMAP1	PIGQ	GPBP1L1	CTR9	RIPK3	PLXNA3	CDK14	RNF39	AZI2	RAB40C	ELP5	SLC22A18AS	RNF139	CREB3L2	ELMOD2	GLUD1	CCDC94	B3GALTL	DTL	HMGB3	SPAG5	EPB41L5	ATPAF1	CASP10	FNBP1	JRKL	CREM	HOMEZ	NCAPH	SLC35E4	SS18	GPR87	REL	PROSER1	DAB2	ARHGAP23	FAM8A1	ATAD2B	BAG4	APPBP2	MYCL	NCOA7	DVL3	C4orf46	FOXK1	CNOT2	FAM149B1	AMMECR1L	CSNK1G1	CDK17	KLHL42	GFPT1	NAB1	PDE6D	CCNT1	ARHGAP11A	WDR47	GTPBP3	TRMT61A	TMC4	DHX57	GALK1	IPMK	CEP350	TMEM150A	ATF6	ARMC8	PIK3CA	KRT80	FAM84A	FAM69A	MORC3	KLHL20	ATP2C2	RASA2	PCDH9	FAM175B	LBH	FYTTD1	KIAA0247	INTS6	BMP2K	EMC9	LRSAM1	CHCHD7	ADO	C10orf88	LEO1	PKN2	CRNKL1	C19orf24	IL13RA1	TBC1D9B	CARM1	EDEM1	TAF5L	PPP3R1	ABCD3	ASB6	AACS	EPS15L1	DHX16	C12orf5	CYP2S1	BCL6	CDH11	DDX51	ATP11C	ARFGAP1	PBX3	DLD	ABHD2	RAB28	ALKBH5	DHX8	ACAP1	APBB2	SAMD5	NDEL1	ARMCX5	RAB35	FOXN2	FAM104A	PHYKPL	ACTR1B	RIMS2	ACOT8	FAM179B	NECAP2	NUDT2	ARHGAP22	POM121C	ANKRD39	CXorf24	BTAF1	APAF1	FRMD4A	ANKS3	RARS2	NDE1	HPS1	STX16	ARHGAP18	IGF2BP3	ANKRD29	SPIRE1	SMEK2	PHYH	XPC	CNST	ANGEL2	B4GALT2	VPS37B	C9orf156	MGEA5	CDC27	NBL1	DTWD1	ARL2BP	ABTB1	GULP1	PCNXL4	GCC2	UBXN7	HSD17B8	EXOC5	HPS6	C8orf82	ARHGEF28	C1orf198	ENO2	MRPL27	FANCA	FAM178A	DBNDD1	KDM6B	RRM2B	ANKRD17	GPR125	COG2	FBXL15	MED4	NFIB	DIEXF	PRKCI	STC2	ATXN1L	CHD6	TBC1D16	BEX5	ADAL	C17orf58	SLC11A2	KIAA1731	OGFRL1	PAXIP1	EXOC6B	EIF2AK1	METTL13	IMMP2L	DCAF7	FLVCR1	GXYLT1	FAM120B	SYNJ2	TMEM2	C18orf56	AAAS	ATL3	SLC12A2	EDC3	MTMR4	KIFAP3	FEM1C	DDX31	MXD3	PTPN13	ACSF2	SLC25A16	BPNT1	ARFIP1	ARHGAP35	H2AFJ	ACVR1B	SPOCD1	CBWD2	ALG12	TFG	IST1	GGPS1	MAP4K5	CHPT1	PACRGL	KAT6A	RAPGEF3	DESI1	RNF135	IRF9	CNOT4	FBXW7	STEAP3	NKRF	ERICH2	PATL1	DENND6A	GID4	AHI1	IKZF5	AKIP1	GLE1	C8orf58	C9orf37	C7orf49	C12orf73	CBX6	RB1CC1	PTMS	RBM45	TNFAIP8	CUX1	MIB1	SUPT3H	MAP4K3	TARSL2	INO80C	POLD1	COQ4	LDB1	C9orf3	RLF	CDS2	ADNP	GPR137B	KRCC1	IREB2	MON1B	TATDN2	GFOD1	NR2F2	MESDC1	ACBD5	GEM	SLC7A5	RGS14	ATP5S	MDM2	CYB561	LIMK2	FAM161A	TMEM206	DHX37	NFKBIB	NPHP1	GNPAT	MSH6	RAB40B	KCTD11	C9orf85	MFSD9	ATXN3	VEGFA	STEAP1B	PDCD1LG2	CDIP1	MYD88	INIP	FAM26F	ANG	NAA40	ANKRD65	FAM173A	DIP2A	STK38	PNKP	DDAH2	TP53BP2	MGRN1	MAVS	DAAM1	KIF3B	ANKRD13D	BBIP1	HSD17B1	CTBP1	OSBPL5	FAM208B	CHST12	RNMT	RCAN1	RASSF8	SMYD5	CCDC68	TRIM14	ADAM28	PIGF	AC027763.2	HNMT	PANK2	MEAF6	GATAD2B	SF3B3	GTF2H3	CCDC8	LENG1	RNF130	STK39	STMN3	MEX3C	FKBP10	N4BP3	RMDN1	APH1B	OTUD5	PNPO	RPRD2	CALML3	MT1G	DPH6	KMT2B	HEMK1	ENOSF1	ALG13	POLR1E	ARV1	TPRA1	TCP11L1	ABCC1	ERLIN2	GPM6B	POLR2I	GLYCTK	USP12	SGK223	RIOK3	GANAB	TGFBR3L	FAM229B	SLAIN2	C1orf159	RPP25	MGAT1	TUBGCP3	PLK3	USP32	MEMO1	RBBP5	INPPL1	C1RL	USP45	TYK2	GNA13	TBC1D23	FAIM3	TNKS2	MRPS18B	ALKBH6	DCAF11	GALM	ACOX1	LGALSL	RBFOX2	BRD7	DVL2	HIBADH	PAWR	ATP5EP2	CRIPT	TAX1BP1	KLHL18	ODF2L	HHLA3	NR3C1	PTPN6	FXR2	ANO10	C6orf52	CHKA	NUDT19	NEDD9	CEP170B	PPFIA1	DPF2	RNF146	SBNO2	RAB22A	C11orf24	ETFDH	GPR126	CA11	RPP21	TCTA	MAFK	TBC1D5	ENOPH1	RINT1	MAP3K3	CACNB1	NEDD4	TSC22D3	PRDM4	TRIP12	ENOX2	MFSD1	EXOSC2	KLHL2	KLHL8	E2F6	SCG5	RBCK1	NRSN2	MCC	MTMR9	THUMPD1	FZD3	RBMX2	SPAG1	CLNK	DCAF6	INTS7	NFIL3	EPS8	MICAL3	NUPR1	PPP6C	GLS	KRI1	FAM120AOS	BDKRB2	RBM15	WDR35	MPHOSPH6	PELP1	RAB23	TSC22D1	TNFAIP3	ZFP36L1	ZRANB2	SNAI2	UBAP1	TRA2B	WBP11	ZFAND5	TARS	UBE2D1	RRAD	WTAP	THUMPD2	VAMP2	RTTN	TAF9	WDR74	LYSMD3	PHLDA2	TXNL1	SOCS3	FOS	RBM27	NIT1	SOCS1	ERN1	YPEL5	UBE2K	SLFN5	PRKCDBP	USP31	TMEM55B	ZBTB43	ZNF22	GLMN	WEE1	TRAF3IP1	C1orf110	UGCG	TMEM68	MYLIP	RCOR3	MTUS1	ZNF557	USP9X	ZNF292	SDF2	ZNF703	USP36	IL13RA2	PFKFB3	TIMM9	TIPARP	SAP130	TAF7	SARS	TP53RK	TIAL1	TRMT12	ZNF207	PPP2R5A	USP53	SOWAHC	ZNF800	UROD	PROSER2	ZFP36	IL23A	UNKL	RHOB	ZNF503	PSMG2	SPTSSA	VEGFC	JUND	UHRF1BP1L	CPSF3	PNPLA8	TAGLN3	RGS12	ZADH2	UBE2J2	ZBTB44	SHOC2	TMEM165	PTGER4	RSPRY1	RCOR1	TMEM51	TJP1	IRX2	TACC2	PPP3CA	RAB11B	WDR33	MPHOSPH8	FLRT2	SYP	SEC23B	ZNF592	WAPAL	TICAM1	RNF11	ZFAND1	LEMD2	HS2ST1	ZNF7	OTUD6B	TXLNA	IGF2R	ZMYM5	RNF43	TIMM21	ZNF707	ST3GAL5	ZNF165	SCYL1	TGFB2	TDRP	TOB1	ZNF644	RAP1GAP2	ZCCHC9	SLC12A9	KIF16B	TOPBP1	TBC1D13	PHF1	MAGOHB	TMEM243	RELB	UBOX5	NGLY1	WSB1	SLC20A1	ITGA2	ZNF24	SFMBT1	SUPT5H	TIMM44	ZFR	TTC31	SOX15	ZNF814	MMP1	WDR82	MTPAP	WDR53	UBAP2	TRIP4	RSF1	PLEKHO2	RASAL2	MNAT1	MRPL2	ZNF771	ZNF821	LTN1	TTC19	BPTF	SMCO4	TAF1	ZNF507	TEX264	WDR25	SEH1L	WASF2	UBALD1	TNFSF9	ZNF202	ZNF738	ZNF274	HNRNPLL	UBA3	PPP6R2	ZFYVE1	SRSF5	ZNF462	HAUS8	ZC3H4	INTS8	ZNF217	URB1	TRIM16L	OXR1	RELA	TRIM38	SMAD5	ORC5	IP6K1	WHAMM	TRMT5	CAPN15	RIPK4	ZNF451	ZNF672	SLC33A1	TESK1	SH3BP5	ING3	RBM33	ZNF71	URGCP	ZNF322	SUPV3L1	SFSWAP	ZNF720	TRIM8	SOCS4	TWF1	KCNK6	TMEM80	PLEKHA8	TNRC18	TTLL5	SUPT6H	SEMA4C	ZSCAN32	XPO6	RNF217	SLC25A45	NSMF	RP4-758J18.2	ERO1LB	POLD3	SLC10A3	ZNF444	WHSC1L1	ZC3H14	RBM19	RSRC1	VPS37A	MST1R	TCF4	YME1L1	MTSS1L	SNRNP48	RANBP6	SP3	RASSF6	TMEM184C	ZNF697	MLLT10	KIAA0232	TMCO3	RASGEF1A	ZNF276	ZBTB48	PPP2CB	TRAPPC13	LRRC8B	POLH	WDR20	PHF6	QRSL1	GJB4	SPRTN	SERTAD2	TBCD	MYEF2	PGAP1	RILPL1	TMEM57	TNRC6B	NCOA6	PUM2	LMNB1	RHPN2	BBX	SRF	RNF219	PABPC1L	USP3	VEZF1	NBR1	XAF1	TMEM199	RERE	PPP1R2	RNF103	SIK1	ZNF526	THG1L	WDR48	XPOT	SERPINF2	SCNN1A	TADA2B	SEC14L2	SF3A2	ZNF48	TOX4	SUV420H2	RBM6	SZT2	NFIA	PQLC2	ZBTB33	PDE4DIP	USP7	ZNF682	RNF213	ALG5	PLLP	TCEAL4	NMT2	METTL15	RNF19A	RNF170	THAP3	SEMA3F	MFI2	UBE2G1	TAF1C	OCEL1	MAP1LC3B2	UBE2J1	TRA2A	LEAP2	STX18	COPA	ZNF200	OXNAD1	VRK3	WDR83OS	TOR1B	NDUFA7.1	ULK2	ZFYVE20	KIAA0368	PDGFC	SWSAP1	UNC93B1	PREPL	IPO5	STK3	ERBB2IP	ZNF775	ZNF599	TAOK3	ZNF846	KIF21A	TMEM63B	FBXO38	SLC25A17	USP24	TNK1	ZC3H11A	CCDC97	XYLT2	TACC3	TNPO2	ZNF791	VPS33B	PTS	TBC1D2	SUGP1	DAP	RAB3IP	MTMR11	STRADB	FMR1	ZNF768	ZNF83	TMEM223	WBSCR16	PIGW	ZNF281	DDI2	SH3BP4	ZCCHC7	THAP2	WASL	TLK2	KCTD9	SIN3A	ZFAND2A	UCK1	SBF2	RP11-468E2.4	MPLKIP	HNRNPL	LRRC47	RBMXL1	ORMDL3	RGS20	ZNF600	ZNF789	TBC1D15	PUSL1	MON1A	TMTC3	C1orf63	STK38L	SLC22A5	NFYC	NFX1	FAM64A	SPRED1	RBM23	PGGT1B	NAA30	FERMT2	TUBGCP2	TMEM38B	RC3H2	MTHFR	NAV1	EXOC3	IPO4	PRPF8	THOC6	TRAF2	PTK7	TUSC2	PHACTR2	WBP2	SEPN1	DCUN1D1	MRPL33	TRMT1	SART3	LAYN	WIBG	ZFP28	SEPT10	PITRM1	ESYT2	LENG8	VWA9	THSD4	IKBKE	STARD13	ZBED4	ZNF12	LMLN	YIPF5	ZNF513	ZNF579	SCMH1	PTPN9	LGR4	HPSE	TMPRSS11D	SETD6	EML3	SLC25A44	CIC	NARF	ZNF583	PET100	PDS5A	ZMAT5	ZNF268	CAPNS2	TBCE	WDR46	SLC16A1	SSFA2	TGFBRAP1	SH3PXD2A	YLPM1	SDSL	SNIP1	TSTD2	TMEM181	MARCH6	CEP85L	USP42	ZNF790	TTC32	GDF11	TMEM180	FEM1A	VPS52	GYLTL1B	MCOLN3	LILRB3	TNS4	SLC27A3	ZNF567	ZNF277	MOB3C	DYNC2LI1	TNK2	PIGH	ZNF576	ZDHHC2	VHL	HIATL1	SELPLG	RAB3GAP2	MRPS24	IFNAR1	VPS36	TOR2A	MED1	ZNF213	UGGT1	TMEM259	WDR26	COL1A1	RHBDD1	HDGFRP2	SPG7	ZSCAN29	ZCCHC11	PXN	NCF1	UBE3D	TOP3B	XPNPEP3	SLC26A6	TYW5	STPG1	ZNF668	PPP1R14C	VPS41	GBF1	CAPRIN2	EMC1	PIGA	PI4KA	MBD3	TAF8	UNG	NOL6	FAM83H	UBL3	TXNL4B	TPRG1L	UEVLD	SLC35B4	SMIM11	RFTN1	PEX7	REPIN1	TBC1D25	YIPF6	TMEM99	SNAP29	ZNF500	WDR11	PLEKHA5	TRPM4	PDXDC1	MMD	ZFYVE16	RASA1	PLXNB1	SCPEP1	TOR3A	KPTN	DNAJC18	MRRF	ELMOD3	RDH13	PRPSAP2	HTRA2	GIGYF1	FBXL5	UBE4B	VLDLR	TMEM234	C12orf76	RFX2	NRBP2	VPS33A	BRCA1	TADA3	SPNS1	WDR73	ZBTB8A	LPIN3	KHDC1	EIF4E2	KIAA1715	ZNF101	ZC3HC1	SLC36A4	OPN3	TBX1	ZNF404	TMEM192	PIGB	WDR60	TIMELESS	MGAT5	ZNF777	ZFP62	TRUB2	RAD9A	MKL1	POMGNT2	TMEM92	NTPCR	BDH2	PRMT7	SLC30A9	C1orf123	SPIN1	TGFB1	GLYR1	UNK	ZMYND11	MTRF1L	EHBP1L1	ZSCAN5A
M20	0.002267073166344	0.957952493343627	MT-CO1	MT-CO2	MT-CO3	MT-ND3	MT-ND4	UBE2D3	SLC25A19	BAK1	ANAPC10	MTIF3	NT5C	DSCR3	ELOF1	DUSP23	CASP4	MRPS10	AGA	SVIL	ASNA1	PCBP2	MSRA	C16orf98	ZNF721	PFDN1	VKORC1	MTMR6	USP15
M21	-0.064064623015421	0.229694962123704	PPIG	C19orf48	RBMX	LUZP1	ARHGAP29	U2SURP	HCCS	EIF3A	CKAP2	PDHA1	KIAA0947	ATMIN	PLEKHA3	COG3	RPGRIP1L	AKT1S1	COL4A5	GTPBP8	C9orf89	TCF7L2	C6orf203	STX2	COMMD3	SCAF11	RAD51C	CRLS1	THOC5	IARS	AASDHPPT	DZIP1	DHX34	LPIN1	SV2A	MSTO1	PARP6	POLR2B	ZC3H15	SRRM1	TSSC4	ZNF593	NOXO1	TMEM129	ZFX	PTRF	PDGFA	TMEM185B	SETD5	UBN1	FOPNL	ZC3H8	XPR1	IGBP1	SIRT6	UBTD1	NSMCE2	TANC2	TBC1D17	TSKU	USF2
M22	0.066577988456193	0.219993655719582	FOSL1	BCAR1	RIPK1	TNFRSF1A	FGF5	TMA16	ADAR	HBP1	PACSIN3	ARRDC1	SLC52A2	BNC1	KHK	CDC73	AMN1	CELF1	CTSK	MEN1	N6AMT1	LRRC8C	MBD6	EDC4	CISD1	FAM111A	GOLGA5	ARFGAP3	MRPL16	INPP1	IGSF8	RPUSD3	SUPT7L	ARHGEF3	MPHOSPH9	CDK9	ACSS2	PSMD9	AC079210.1	MYNN	BAIAP2L1	C12orf52	RPP40	IQSEC2	ABHD11	FBXO22	STAM2	TRADD	IFT46	RAB27A	MAN1A2	SLC25A28	ZNF706	UBLCP1	SND1	SMTN	ZNF408	ZBTB45	MARCH9	ROM1	VEZT	SMARCD1	SETD4	PPAP2A	ZNF106	SNAP47	FOXC1	FAM200A	TSEN15	LZTR1	ZNF398	RALGAPB	SEP15	TULP3	ZNF142	DGAT1	TIPRL	U2AF1L4	SLC25A51
M23	0.019518325830107	0.758286320986859	ATP2B1	TNIP2	MYO1B	ARSJ	CANT1	SGMS2	DNAJC25	APC	MOB1B	MAPK14	SRGAP1	RING1	OVOL1	GALNT11	NOL9	RUSC2	ARHGAP27	OSBPL8	RNF26	RBBP9	HAGHL	SERPINF1	GOSR2	RASIP1	DNAJC30	SMAGP	PRKRIR	ZNF655	THOC2	ZNRF1	UHRF2	FAM188A	ZFP91	TMEM164	LANCL1
M25	-0.020257327672822	0.758286320986859	SOCS6	TDP2	SLC20A2	RANBP2	NLN	CYB5R4	DFNA5	ARAF	CCDC22	TRAPPC6B	ZNF638	THOC1	LHPP
M29	-0.094913817191471	0.076328868012797	H3F3B	EIF1	HNRNPDL	DKK1	DDX21	SRSF3	AVPI1	EIF5	MRFAP1	RBM39	EIF4A2	CKS2	TRAF4	RIOK1	ADM	ARPC5L	GJB3	CIR1	MRPL10	CDK1	HNRNPA0	C1orf52	ARL4D	NXT1	MID1IP1	RTF1	FRG1	ABT1	NOP16	ICT1	LUC7L3	CCDC137	SPHK1	COMMD5	E2F4	ARGLU1	CDC42EP3	RPF1	C15orf61	GTF2F2	CSNK1G3	BDP1	NIP7	PGRMC2	NAA38	PPP4R2	OFD1	SON	DLG1	POP7	BCL7B	GOLGA4	POLR2H	MAZ	FAM136A	GOPC	C12orf29	GEMIN7	BAG5	AKAP8L	COIL	C19orf25	CHTOP	DUSP6	KCNK1	FTSJ2	CCDC174	SRSF11	MTHFS	PNRC2	PLEKHJ1	DNAJC2	COA6	LUC7L	CTDSP2	EGLN1	DR1	PAFAH1B2	ATG3	C19orf43	DPM2	LAS1L	PARP2	DNPEP	NFE2L1	TAF1D	LETM1	C11orf57	COX19	SNX19	SNRNP27	COQ10B	PCGF6	CREBBP	BIN3	EIF4E	AIM1L	FAM63B	SREK1IP1	ABHD17C	RNPS1	ID1	ACBD3	FAM49B	COPS7B	MED10	TJAP1	CBR3	IWS1	FASTKD5	SRRT	PRPF3	DAXX	KNSTRN	CCDC117	STK11IP	FGFR1	SSNA1	CYTH1	COASY	FUNDC1	STRN4	PRPF38B	C16orf87	FRYL	ARPP19	LRRC8A	FASTKD3	PSMG3	GPR89A	PPP1R8	EPHA2	TTF1	HDAC8	CLUAP1	IP6K2	ESRP2	C10orf137	BTBD7	OGFOD1	BRMS1	EBAG9	SETD1B	ZC3H13	FGFR1OP2	IL18	SLC30A1	BRF2	SELRC1	MED17	RPP25L	TMUB1	FAM134A	MAPK8	MAP7D3	BYSL	PHF23	G3BP2	EXOG	PLK1	PKD1	SAC3D1	CDK2	GSK3A	ITFG2	CHEK1	FAM32A	LYN	ST6GALNAC1	GAL	NOP14	BECN1	C11orf83	FBXW11	C22orf46	CEP164	CTAGE5	HSPA14	FAM192A	HRSP12	PPCS	DHX33	CCNA1	C9orf69	METTL23	ALKBH4	HBS1L	AIMP2	TMEM70	NDC1	MCM2	CCDC101	PI4KB	BMI1	AP1B1	AGMAT	HSD11B1L	CTBS	NCAPD2	PWP1	CCDC28B	PRKAR2A	SSX2IP	INTS12	SLC35A5	HMCES	RC3H1	ATF5	ATRX	BTN2A1	GGA1	MTF1	DEAF1	STK35	DDX41	BRAP	TRMT10C	HIST1H2BH	WDR3	HDDC3	RBM15B	GEMIN4	PPP1R18	CD40	CCDC23	AP006621.5	METAP1	MTOR	MED29	ECT2	PHAX	ARMCX6	PNPLA4	G3BP1	ACADS	SESTD1	AP1AR	CCNB1IP1	COA4	GOLIM4	NIPSNAP1	STX6	KRBOX4	RGP1	NARFL	EXOC1	ARL16	PES1	NAV2	FBRSL1	GOLGA7	MIEF1	PRKACA	FGGY	TIMM22	CHML	CYP51A1	C16orf70	GABRE	AMPD2	CMTR2	MRPL34	CC2D1A	DNAAF2	AGO3	GGA3	C5orf38	NEK6	HJURP	STARD7	FBXO31	C7orf41	MUTYH	YWHAG	PEX19	IL10RB	B3GAT2	PPAN	MED8	BPHL	SCRN3	BBS7	DDX3X	TMCO1	HCFC1	MRPS2	C12orf65	BCL2L13	GLA	CCDC176	CBWD1	TMEM69	PRR14L	C12orf10	MEST	NME2	RHEB	TIMM17A	REEP4	NLE1	WBP5	TNFRSF12A	NCAPG	PPIF	ZFP36L2	SRSF2	ZC3H12A	RMND5A	RABGGTB	YTHDF2	ZNF581	RRS1	TRIAP1	UBE2B	WBP4	ZNF622	RPP38	TRAPPC4	TRIM41	PHF14	SLU7	KLF3	SDHAF2	YTHDF1	RNF6	MEPCE	SBDS	NGDN	UPF2	YWHAH	YTHDF3	LLPH	YY1	SRCAP	KIN	HOMER1	TRIP10	SMARCD3	TM2D2	TCEB3	SERTAD3	MPG	SRSF10	WBP1L	MEF2D	SRSF6	SMIM15	ZNF174	TACO1	ZNF121	TMEM161B	ZBTB38	PLEKHH3	NFKBIL1	XRN1	ZNF302	THAP1	WNK1	GRPEL2	SLC25A36	TFRC	RRP36	SDC2	VPS72	ZNF654	SPRY2	TMCC3	PPAPDC1B	C6orf48	ZNF146	ZNF335	ZNF629	ZDHHC7	PROSC	RBBP4	GRAMD3	ZNF574	ZBTB24	GRB2	PRAF2	TBRG4	NAA16	CASC3	UTP20	GTF3C4	SUV420H1	RNGTT	RAE1	RBM12	R3HCC1	ZNF267	TFIP11	NDUFC1	TRMT11	TUBE1	RACGAP1	SH2D3A	MLXIP	YTHDC2	ZNF430	UBAC2	TARBP2	FUT4	TRUB1	SLC35C1	TPST2	ZNF580	TUBD1	RABL2B	NR2F6	PIAS1	PTAFR	IMPACT	PRKRA	ROCK1	FBXW2	TPGS1	YEATS4	TNFRSF10A	SYF2	POLR3G	UNC45A	ZNF530	TMEM218	CWF19L2	SNX22	NFRKB	PLCG1	RAD17	WHSC1	TK2	PWWP2B	KHDRBS3	ZNF584	KRT15	PRKAG2	TMEM120B	VTI1A	NCEH1	XRCC3	ZNF138	POLDIP3	ZNF3	WDR6	S100A5	RABEPK	RAI1	ZNF496	RUNDC1	NR1H2	METTL21B	POC1B	RBM18	TRIM11	SCNM1	YIF1B	TCF7	PRKX	ZMAT2	WDR59	ZNF880	NADSYN1	YIPF1	FAM24B	CBY1	ZNF701	ENTPD5	TMEM91	PSMD10	ZBTB25	RPS17	HSD17B2	RNASEK
M30	0.064071443647488	0.229694962123704	CXCL11	IFIT2	CCL5	HERC5	ISG15	GBP4	IFIT1	IFIT3	IFIH1	IRF7	HCAR2	GBP1	DDX58	NEDD1	DDX60L	HLA-C	APOL2	C19orf66	IFI44	FSIP1	OASL	ZC3HAV1	KCTD6	CITED2	HERC6	HSPA2	ACOX3	B4GALT5	ELK4	PARP14	GRK5	CMTM8	AP5B1	CDKN2C	LMO2	EPSTI1	AP1G2	PHF11	ZNFX1	C1GALT1	APOL1	REV3L	IFT74	FOXA1	FNIP1	RAPGEF2	CEP290	ESCO1	VCL	LYSMD2	IRF2	LAMA2	CFH	MRPS22	CRTC2	IFI44L	MBD2	DDX60	FAM204A	IL7R	MOV10	C1orf27	DHX58	GIT2	PPFIBP1	TET2	DHX38	MEIS1	MAGI3	HIP1R	BSDC1	ARHGAP25	STON2	PBRM1	FEM1B	KCTD15	ALG6	FGD4	SNX21	GORASP1	UBR3	KBTBD6	PANX1	TRIM26	DDX19A	C8orf33	BPGM	C1orf210	CDCA7	ANKUB1	CEACAM1	SOD2	COL8A1	TMEM102	EIF2AK2	C4orf33	AARS	AMPD3	AFAP1	DUOXA1	KLF7	PRPF39	ATXN7L3	FAM208A	OTUD1	AFF4	AMH	PRRG4	C19orf82	PIR	SMEK1	CEP89	FAM65A	EVA1B	FAT1	WIPF2	NT5C3A	ATF7IP	NSUN4	ASAP1	APOD	CHSY1	ABCD4	HIRA	CAPN7	APEX2	MAP3K11	TCEAL1	PRRC2A	RTP4	CEP57L1	PANK3	FAM122B	KLHDC4	SPRED2	GINS1	HGS	CKAP2L	C10orf35	PLEKHA4	AUTS2	DNAJC17	AUNIP	ASPM	SNTB2	PEX14	PIP4K2A	C18orf21	LRIG3	D2HGDH	SGOL2	EXPH5	FARP1	OSGIN2	MAPKBP1	IFI27L1	GAMT	PDLIM5	CCAR2	OXSM	STOML1	FAM57A	MFSD12	AP5M1	FAM222B	ARHGEF40	AOX1	AC009403.2	HLA-B	C16orf59	DCTN4	POMT2	BOD1L1	RBPMS	LGALS9	LRBA	PIEZO1	NUBPL	MMP9	RALGAPA1	CLDND1	PEX3	IQCA1	ABHD12	FLYWCH1	HEATR1	RABEP2	DNM1L	GANC	RAB3B	CPSF1	LARP4B	MYCBP2	ACO1	HDAC7	ARFGEF1	PTPN23	C9orf40	IFITM2	NEK1	PPM1K	IPO9	MBTPS1	AKR1C2	SNAPC4	KIRREL	ATP13A1	RNF123	SLC38A7	AVL9	STIM2	AKAP7	EDARADD	CERK	CASK	NPW	C17orf70	KCTD18	MTRR	ASXL1	LANCL2	ATP1B1	OAS1	H2AFY2	NDUFAF5	PCNXL2	SIRT3	ABCG1	FAM127C	PKIA	SPRYD3	LHFPL2	C16orf62	SUN1	DIP2B	ETV5	SH2D2A	C1orf74	DNAL1	DEPDC1B	CLSTN3	ISOC1	GNL3L	FKRP	BEST1	FIZ1	GRB10	PPP1R35	GABARAP	PSMG4	IVNS1ABP	SH3KBP1	MOB3A	DGCR14	ST3GAL1	ERV3-1	DHRS3	ALS2CL	ABHD14A	FBXL6	DPY19L4	MRPL53	C14orf37	RP11-706O15.1	KIF3C	AGAP2-AS1	PARP9	ELAC1	TRIM22	PAPOLA	ILVBL	B3GALNT2	KHNYN	PITPNM1	PPP2R2D	CXCL10	IFNL1	RSAD2	USP18	SAMD9	MX2	UBE2L6	TAP1	USP48	ZNF350	TMEM106A	SGSM2	PDLIM4	ZRANB1	ZCCHC2	SMOX	TOMM40L	TNFSF10	SETX	LRRC41	PLEKHG3	TOM1L1	PDS5B	TMEM101	MGLL	STARD5	GTSE1	RHBDL2	SOX9	GSDMD	MMP28	PSMB8	SPSB1	VCPKMT	TMEM127	XIAP	CMPK2	TARBP1	TTI1	DOCK1	ZNF124	XRCC4	WDR83	TMEM201	SLC25A37	RBPJ	WDR61	RFT1	POLG	HACL1	TSPAN14	MYH10	TRIM32	RMND1	TMEM216	PAPD4	ZNF33B	TIMM10B	PIGM	ZBTB17	TUBG2	TGIF2	TMEM170A	RICTOR	SLC35E1	ZNF394	ZNF76	KCNJ15	RCAN3	ZNF354A	ZNF212	RNF24	ZNF419	SLC7A6	GPATCH8	VPRBP	RCHY1	NCAPD3	LRP8	WDR55	RPS6KA3	RBM4	MICAL1	NDST1	IL11	HTATIP2	TXNRD3	ZNF75A	FAM91A1	SRFBP1	GAN	PML	RDH14	SENP1	PHKA2	WWC2	WWP2	PRRC2B	SEC61A2	RABGAP1L	ORC4	TTLL12	FOXJ2	TRIM65	TRMT61B	NELFB	OGT	SLC9B2	TMEM254	PYGO2	PRDM2	TTLL3	ZDHHC24	KIAA2018	TMX3	WRNIP1	OAZ3	NLRP1	MIEF2	SMC6	VARS2	IGHMBP2	EFEMP2	TMEM255B	EPHX1	SULF2	FAM206A	PLAGL1	ORAI2	PRKCH	PCGF5	TSPYL4	TRMT10A	ULK3	ZNF431	SH3GLB2	IQCG	BRE	TRIM47	TMEM44	MCM3AP	PRSS21	RRP12	MTERFD2	ZSCAN2	SLC25A22	TENM2	NXPE3	SEPT1
M32	0.101979737843171	0.063926706456835	FN1	LOXL2	FSTL1	AK4	NPAT	PFKFB4	IGFBP2	C6orf211	STT3B	HIRIP3	CARD16	TMEM131	FAM89A	INTS1	IFNLR1	MKNK1	ANKRD10	C2orf42	PAQR7	CLPB	SERPING1	TIMP3	SELM	PRKACB	PIGG	TP53AIP1	PDIA5	SLC25A15	POLR3B	TMEM45A	MGAT4B	IKZF4
M35	0.047261357770402	0.380244709842788	LRCH3	PRICKLE3	PRMT10	ELMO3	LIMD2	CHPF2	TTC27	COL16A1	PRIM1	TOP1MT	ZNF432
M41	-0.019898159769873	0.758286320986859	CCDC66	FIGNL1	ANKRD16	GDAP2	COQ6	LRWD1	NHLRC3	PWWP2A	GPR153	C11orf74	S100PBP	TOP3A	MTL5	TNFSF13B
M42	-0.080867249891552	0.153259649825745	DYRK3	ANKRD46	GCNT2	MST4	UBE2W	FAM193A	COQ9	FBXO45	AGFG1	POLR1B	TBC1D22B	F8A1	IFT27	MEF2A	INTS5	IGFBP4	BAG2	ATP6V0A1	CCDC85C	MSRB1	ZNF532	TTC9C	ZNF556	MED7	PHF20	NARG2	RCC2	TMEM18
M46	-0.016497787387453	0.780983790660886	IRX5	STRIP1	DNM1	LY6K	C2orf76	OSR2	C21orf119	BDH1	MYSM1	ZBTB6	PHF13	WDR37	VPS45	TRIM39	ZNF224
M47	-0.055070355815179	0.316277232691728	BANP	CABIN1	C15orf39	PNMA1	TMUB2	CENPB	SMG1	EXTL2	GTF3C2	ZNF793	KRT34	HDGFRP3	TTL
M51	-0.023514160376632	0.758286320986859	MUT	KBTBD3	MTMR10	METTL14	TMEM209	LATS1	ARID5A	PAPSS2	CERS2	PPM1J	LXN	RASD1	ZKSCAN5	LPAR2	TNPO3	SEC16A	SFXN3	PTCD2
M58	-0.005443510214407	0.937560171186715	ACVR1	COL4A1	FYN	ARCN1	DTX2	PAQR4	RHBDF2	KDM2A	CHMP6	ANKS6	KCTD20	COG1	PLAGL2	PUS7	SKAP2	MED25
M60	0.003241536126314	0.957952493343627	GALNT14	KDM1B	PRR24	EIF3C	CMTR1	ABCC5	SIAE	SNUPN	RNF128	TELO2
M65	0.010284397072565	0.883115384691631	NCK2	ESRRA	BMPR2	CDK5RAP2	HNRNPUL2	WDR13	TRAPPC11	KIAA1522	KIF1B	SMIM19
M67	0.007288089689854	0.921892508467579	CYP2R1	DNAJA3	CLIP4	MAPK12	LARS	XRCC1	SEC24D	PCMTD1	DHRS7B	MPND	MT1F	METTL17	PTPLAD2	ZC3H7B	PTPRG
M69	-0.052243546136753	0.329582065885639	CASC4	DDX50	KANSL3	PABPN1	NSMAF	AP3M1	NAB2	EDEM2	SHB	PPRC1	AEBP1	SIX2	KDM5A	RAD54L2	PRKAB1	EXOC2	TMC6	SLC25A46
M71	0.142564023307821	0.0070554693812	APBA3	ACAD9	NUDCD3	PTRH1	EMB	DUS4L	ZNF414	ZBED6	PLIN3	SIL1
M78	-0.073577158596469	0.16999528491329	BCOR	CAPN10	BICD1	PAPD7	ANKZF1	DCAF15	CCP110	CRYZ	SPIDR	PHF3	PLEKHF2	ECHDC3	SLFN12	POC1A	PHF7
M79	-0.123403979664491	0.021651712507316	HES7	C21orf91	C5orf22	CAMLG	ZNF263	ZNF836	ING2	SKI	TUBGCP5	TANGO2
M83	-0.056546285883758	0.307527342729105	CUL5	CHKB	B3GALT6	NCSTN	PLAT	FAM216A	CNTLN	PVRL3	ZNF652	SPTLC2	UBR4	SPATC1L	SCAMP4	ZC3H7A	RPS6KL1
M87	-0.106866915956603	0.054098282546764	BRMS1L	FMNL2	LPAR1	METTL8	GGCX	ATAT1	INPP5A	RNPC3	GPR68	KDM3A	CTD-2228K2.5	PUS1	TMEM39B	ZNF480	UGGT2
M104	0.153579422737679	0.004083415180217	RPL12	RPS12	RPL29	RPL37	RPL30	HERPUD1	CD63	IFITM3	MYL12A	CFL1	RPS20	IFI27	HSPA5	GSTO1	MYL12B	OAZ1	IFI6	TMA7	CD59	HLA-A	DNAJB9	FDPS	DMKN	RNH1	ACTR3	ITM2B	GPX4	APLP2	DNAJC3	OSMR	ARL6IP4	HMOX2	DUSP10	CLTC	RPL36A	ARHGDIB	ISG20	IDI1	LY6E	ATP1B3	IMMT	CTSC	BUB1B	BOLA3	NQO1	ATP6V0B	SRM	F11R	KYNU	PLOD3	ATXN2L	CDK7	PBDC1	PVRL2	MGST1	PLSCR1	SLFN11	DYNC1H1	ADAM10	RARS	CARD10	ARHGEF5	LAPTM4A	DAK	MX1	KLHL21	USP38	DYNC1I2	CALU	FAM43A	NUCB1	DCTN3	AGPAT6	PRSS23	LDLR	HERC4	GPD2	C19orf70	BST2	ITPA	HADHB	RPS29	HRAS	C1GALT1C1	DCTN6	CDC42BPA	PKP3	ACTR1A	DENND1B	ATP6AP2	CHD1	ATXN10	PTPN11	FICD	SCYL2	CTPS1	NSDHL	CCAR1	LMO4	ANO7	IFITM1	TRAPPC2P1	CBR1	CYTH2	ACTR10	PPP1R7	CRELD2	PRSS8	PGRMC1	COX4I1	DPP3	LTA4H	CNPY3	PMPCB	AGR2	AKAP13	MR1	DEGS1	NHP2	AFF1	OTX1	NONO	MAGED1	FBXO44	BCL7C	ATN1	GJB5	PTPLAD1	DGKE	EPT1	NUDT16L1	FOSL2	CNKSR1	GTF2E2	RFFL	ERP44	CHMP1A	PRPF6	IFI35	PPP2R5E	ELAC2	C6orf62	PLD3	MAP1B	ALDH9A1	CEP104	CYBA	FAR1	SCO1	PARP12	DAD1	KIAA2026	FAM98A	RNF149	GNAQ	ORC2	FBXO17	RPRD1B	CTSL	LOXL1	TRIM13	YBX1	TACSTD2	DDX54	UBE2H	PELI1	KIAA1161	HEBP1	MYH9	GOLT1B	KIAA1279	PTK2	MARS	TGFBR2	APEH	SLC39A7	GJA1	ATP6AP1	ASCC1	C5orf15	NFE2L3	MTA3	MYCBP	GABPB1	AFG3L2	ABCA7	SLC19A1	CYB561D2	DNAJC15	GTF3C1	SNX16	OGG1	HUWE1	PGM3	EMC3	CRBN	BRI3BP	SLK	DCAF17	STAG2	AK3	RPS6KA1	PIK3C2A	ANKRD28	C19orf12	MOB2	FUBP1	SAMD8	ADAT2	BROX	RAP2B	FAM20B	NSFL1C	HABP4	GGA2	PITPNB	GNG12	REXO4	IL4R	ATP6V0E2	SLC10A7	SEC22A	ANKIB1	FHOD1	CHST3	ANTXR1	C3	FASTKD2	ARHGEF9	ASL	PAPSS1	DGCR2	MTPN	BCAP29	SMARCA1	RFWD2	NAA25	CCDC127	SDR16C5	NDUFB8.1	FAM76B	CTU1	HYAL2	LNX2	CRTAP	SECISBP2L	MPRIP	AP5Z1	IL17RC	CPOX	CPSF6	AASDH	GZF1	POLB	C11orf84	HSPG2	SIRT7	EIF5A2	HMOX1	SAR1A	RAET1G	GFM1	PTOV1	OAS3	DPCD	ACACA	JMJD4	LSM12	RNF121	NDUFA13	GRK6	GGH	CDC23	ALDH18A1	DHRS4	B4GALT4	SNX12	CAND1	KMT2C	HMG20B	TSPYL2	NBPF1	ETFB	C12orf43	PHLDB2	PITPNA	GOLGA1	PEAR1	DHRS7	ECD	KIAA0319L	RPN2	HUS1	MARK4	FLOT1	EFCAB14	CCDC47	OGDH	CPD	ARL17A	CEP70	SEMA4B	EIF2D	ADPGK	CDK5RAP3	PIGU	CRELD1	TRAK1	RDH11	FUT11	FAF1	RAP1A	ANKRD36	PAAF1	TEAD3	KLHL9	PRRG1	CHM	CDK2AP2	HDHD2	ARMC9	MAN1B1	NOTCH1	NCLN	MLTK	CEP41	SH3BP5L	HYPK	NR4A2	ELOVL6	CBR4	AHNAK2	NOC4L	FADS3	ERGIC2	DMPK	TRIM21	IQCE	NCK1	SLC30A5	EMC4	FRG1B	NUS1	VWA1	HIPK1	C7orf55	OSTM1	PDCD11	SPARC	C1orf85	MGST2	PCGF3	ORMDL2	ELL	SQLE	BMP1	FBXO21	TRIM33	HDAC2	NSUN5	REEP5	MFAP2	DDX28	NFS1	PUF60	TIMP1	VCP	SDF2L1	TMEM59	SERPINE2	PRDX6	STRA13	SURF4	TMEM50A	TUBA4A	TXNDC9	SRP68	TERF2	SEC61A1	UBQLN1	TLK1	ZNF195	STOM	CNIH4	SLC16A3	TNFRSF25	EMC10	SMAD3	STRIP2	TCERG1	UBALD2	ZNF618	DRAP1	SP2	SEL1L	YAP1	TPD52L2	ZSWIM6	OSTC	ZUFSP	TYW3	KDELR3	SYS1	ZNF547	ZNF518B	SYVN1	UBAP2L	SCAMP2	TIA1	POU2F1	TMEM125	VPS29	TP53INP2	ZNF827	TRNAU1AP	ZRSR2	USP47	TRIM69	RAD1	NDUFV1	ZFYVE21	ZFYVE19	STX10	ZCCHC6	REM2	SRBD1	ANO6	TBK1	WDFY2	PPP2R5C	TTYH3	INF2	UGDH	ZMYND19	SLC25A29	PPP1R13L	LIG4	PITPNM2	SEPHS1	HEATR2	PLD2	OTUD7B	LMAN2L	ZNF611	TBL3	TOMM5	NOL10	PARVA	SLC2A11	OSBPL1A	TMEM97	ZNF425	RAD51	LPGAT1	ZCCHC8	PPIL2	TBC1D14	ZNF84	VPS26B	LRPPRC	NDUFB7	MALT1	TMEM205	NAGLU	SLC12A4	TCAIM	TMEM9	GSTM4	RRAGA	ZZEF1	INO80B	MAT2B	NEK4	TMEM185A	DSC3	IER3IP1.1	MLST8	SNCA	FAM174A	MAP2	ELK1	ZNF524	PJA2	KDM3B	SLC41A1	QPCT	RNF13	TAF13	KCTD17	SCRN2	SYNRG	TC2N	RSAD1	THAP5	MICAL2	TPCN2	CPPED1	SPATA20	EML2	TEAD2	NDUFB11	USP4	RBM34	STAU1	GNB5	MRS2	VKORC1L1	PCSK1N	STRN	IL1RAP	MCCC1	TXNRD2	COMMD10	TBKBP1	PEG10	RWDD2B	PAM16	DENND2C	IFT52
M108	0.076519471930176	0.154268331724168	RPS18	RPL37A	RPL32	RPS14	RPL13A	RPL9	RPS19	RPL39	RPL18A	RPL27A	RPL13	RPS16	RPL36	RPL34	RPL23A	RPL26	RPL21	RPS27	RPS11	RPL38	RPL31	RPS23	RPS21	RPL35A	RPL22	HSP90AA1	RPS15	RPL24	RPL35	EEF1B2	HSP90AB1	RPLP2	ANXA1	HSP90B1	HSPA1A	EEF1D	HNRNPA2B1	EIF2S2	CALR	PSMA4	CCT5	CACYBP	P4HB	PSMD7	IL1B	FGFBP1	IFI16	COX7C	CALM2	ATP5B	PDIA3	ID2	DDX5	ANXA5	PPP2CA	HNRNPK	PLAUR	EIF4H	LMNA	HNRNPM	RAB7A	EIF6	B2M	DDX18	ARF1	HSPA9	BRD2	BSG	PCBP1	EZR	RBM42	CD274	CYC1	LRPAP1	BZW1	LRRC59	H2AFY	ABCF1	RAP1B	DNAJB1	PSMB5	UBA52	MTDH	NUDC	ANP32E	PSMC3	ARHGDIA	EGR1	NSRP1	PPP2R2A	EIF3I	MATR3	HNRNPD	QSOX1	RAC1	KTN1	CCT7	PSMD2	ATP5A1	HNRNPU	PSMD1	PCMT1	KIF5B	CANX	AIMP1	LGALS3BP	CSNK1A1	PDCD6	EHD1	GGNBP2	HSPA4	HNRNPF	EIF5B	HSPA1B	DPM1	GALNT3	MMADHC	DSP	HLA-E	AKAP12	METTL6	NFE2L2	MAPRE1	DNAJA1	PSMD14	ECHS1	IMP3	MRPS23	CLTA	RPL17	EBP	BCAS2	ATP5F1	CCT3	EIF3J	ARF4	ANP32A	NUDT4	PRRC2C	RAB5A	KPNB1	ATP5L	MESDC2	FNDC3A	RALY	GLRX3	ARL14	RALA	PSMD11	NAA20	FAU	C1D	FKBP4	CWC25	ACAD8	COPS3	RBM17	FSCN1	PTHLH	PTGR1	MDH1	NAP1L4	ANKRD11	MELK	DCUN1D5	ATP6V1B2	CDC5L	IGFBP7	RPS27A	BHLHE40	CYB5R3	RAB14	MAEA	ARL6IP1	PNP	CREB1	GSKIP	MKI67	DHX36	VDR	LACC1	EIF4G1	CLSPN	CAP2	DLST	PSMD12	BAG3	CCNG1	CHORDC1	HDAC1	MAD2L1BP	HSPH1	MRPS6	EWSR1	ADK	RAB1A	BIRC3	HDGF	IGF2BP2	HEXB	FAM114A1	PNO1	RAB9A	NMT1	NEU1	NASP	ANGPTL4	MRPS5	NBPF10	ACOT9	ATP1A1	FYB	SFN	PLRG1	HNRNPH2	IRAK2	LRRFIP1	IKBIP	HNRNPR	PPARD	RAB18	LITAF	FLI1	PDCD10	DERL1	AP3D1	ELP3	ADRM1	NAA15	PLXNB2	MYL6B	RAD21	OXCT1	MRPL45	OAF	KIF1C	DHX15	CCDC88A	MET	PPP2R1A	GTF2A1	HAT1	CAT	TOP1	CIAPIN1	ACIN1	CGGBP1	NOSIP	PACSIN2	C18orf25	PPID	CD47	POLR2D	CRAT	FHL1	MRPL20	PSEN1	CFLAR	ITGB5	GPRC5C	ACAT1	CHCHD4	GNAI3	ATP2A2	NFIC	GSPT1	CCND2	SAP30BP	POGLUT1	CHD4	ANKRD36C	MARCH5	MLEC	CCT4	PGP	MCFD2	LSM10	ERBB2	EXOSC7	C6orf141	ELAVL1	FKBP9	CDCA4	RBM25	DCAF13	SERPINH1	AP4B1	MARCKSL1	NRD1	DDX1	TTC1	MAP4	BRD4	DARS	RAB20	ARNTL	DVL1	IARS2	KARS	C1orf131	AZIN1	CTSA	C11orf68	SCAND1	KPNA6	PRPF40A	NDUFS4	XPO1	CSNK2A2	IFNGR1	PDIA4	CD164	RALB	RPA2	ARRDC4	GPANK1	CDC42EP2	SCO2	ADIPOR2	MRPL49	MORF4L1	HARS	MYO10	FLNA	DDX23	PDE7A	RAD23B	RRP1B	ASB13	KHDRBS1	HIST1H2BD	EMC7	CDCP1	CAPZA1	CITED4	DENND2D	MFSD2A	TRIM44	NOL11	PCCB	CD97	OS9	PRKRIP1	CARKD	ABL1	EXOSC4	MICALCL	CCDC109B	FUT3	CSNK1D	MCRS1	GLB1	HSDL2	ARPC4	PTPN12	CDC42SE1	SLC25A43	ESRP1	C5orf45	KATNBL1	MLLT4	LSMEM1	HYOU1	FOSB	DUS3L	NBAS	FAM214B	HTATSF1	MAPK3	ILF3	ARMC7	PPM1B	MAPK1	CTD-2368P22.1	CORO1A	MRPS28	ABCE1	FLNB	MVD	LSM1	OCIAD1	CMTM6	DENR	FH	DDRGK1	COPZ1	CCDC50	PRPF4	PECR	CHFR	C1orf172	PDAP1	MFF	CLIP1	PMEPA1	DNAJC7	SEMA3A	CABYR	CDC34	CUL2	ARFGEF2	HOPX	HNRNPA1L2	ALKBH3	TM4SF1	RNF8	NSMCE4A	PDPK1	BTBD3	C1orf122	KIF14	AHR	LRP10	ABHD13	MITD1	CUTC	LPAR6	PHC2	GALNT5	MRPL44	POP1	ATP6V1H	DHRS4L2	MINA	DIAPH1	APH1A	ARL8A	PHACTR3	MRPL37	ARMC1	LBR	PIP5K1A	PSPC1	ANKLE2	CDK8	KPNA3	AVEN	SRGAP2	CHURC1	DUSP4	LRRC37B	IPO7	AKIRIN1	ANXA7	HN1L	CCDC71L	NAT10	BAZ2A	RNF34	NR1H3	NCOA4	RIF1	VPS54	NEXN	PSMC5	KIFC1	MBNL1	LIG1	NAA35	PHF8	HADH	CD320	PAIP1	POLR3E	N4BP2L2	FBLN1	SGSM3	DDOST	BCR	FBXO8	GOLGB1	METTL9	EIF4G3	TOR4A	ENTPD6	PPP1R21	GPAA1	BRD9	SYAP1	RHBDD3	NTHL1	C20orf27	CXXC1	DHCR7	ROBO3	EXTL3	CASP3	BCLAF1	NUB1	PSAT1	PITHD1	RPA1	DCAF10	NLK	SCLT1	MYO5B	NAA50	GALE	ENTPD7	ADI1	PPM1D	LDLRAP1	BAIAP2	GBA2	POR	TRAPPC12	ALDH1B1	ARHGAP32	AMIGO2	HRH1	IFT20	SREBF2	MPZL1	CHTF8	CRADD	BTF3L4	DDX56	CCDC43	HARBI1	CPNE1	CSE1L	SMAD4	LAPTM4B	PQBP1	ACADM	DLGAP4	PPP1R15B	HMG20A	PPP2R5D	HES6	PWP2	DCK	PEX26	AHSA2	GPR56	C1orf35	COPB2	PARN	CFL2	OARD1	EEF1G	DTD2	FOXP4	DMWD	ATG13	EIF3B	RAB3GAP1	FOXA2	CASP7	ALG14	SSH3	POLR1D	GBE1	LMBRD1	HNRNPH1	NMD3	AGER	FEZ2	RNF41	INO80D	ARHGAP10	ELOVL4	ERLEC1	COPB1	POP4	DNAJC24	PRPF19	DPAGT1	COQ5	NFU1	EPAS1	NAE1	LIN7C	ITCH	ADAM8	NOA1	AIM1	FAM110C	ID3	BCL3	BAG1	DNAJA4	GFOD2	GALNT18	EXOSC10	KHSRP	CHST11	ULK1	APOO	PSME3	KLHDC2	DZIP3	ARNT	BRCC3	DEF6	MCM10	RFWD3	GPN3	FN3KRP	GPN1	BRF1	TGDS	SAMD4B	GOLPH3L	C7orf13	INADL	MMP15	CDC25B	PTRH2	MRPL50	OAT	RNF14	HAS3	IQCB1	SYNCRIP	ACOT11	KIAA1109	ABCC3	ETV7	MYO6	ECI1	HSD17B4	MAN2A1	HSPA4L	COPS8	RUVBL2	PRPF31	FANCI	ARPC5	POLDIP2	C1orf53	SYNPO	BOLA1	SMARCD2	CELSR2	EME2	HSH2D	MUS81	FBXW9	DTD1	WDR70	ALDH3A1	AIFM2	FAM83F	CNOT1	ALDOC	HELLS	C10orf95	BOK	POLRMT	IRAK1	SAMHD1	C17orf59	PPP4R1	MMS19	RFXANK	GALNT10	OSBPL2	BCS1L	PMM2	LIX1L	MXI1	NPLOC4	APPL1	NSUN2	ACTR8	C19orf55	DDX17	GART	SHQ1	FASTKD1	NCKAP1	FAM129B	CLN8	PSKH1	EARS2	BATF2	KCNMA1	PARP4	ASAP2	MRPS14	METTL22	TBC1D10B	ENTPD4	PRCC	EHMT1	NEMF	HSPA8	NDUFS1	MRPS16	NDUFB5	E2F3	IMPA1	MZF1	RAB6A	PDCD6IP	C1orf50	AMMECR1	CTSH	YY1AP1	CGRRF1	NAPG	PTP4A2	DYNLL2	OXA1L	PSMG1	IGSF3	MRPL19	DDHD2	APOA1BP	G6PD	IRF3	MED6	RBM4B	AGPAT3	CMTM3	STAT2	DAB2IP	AQR	GCLM	NFKBID	NXT2	FPGS	PCYT1A	ARL8B	RRBP1	WDR34	DAZAP1	KMT2A	PEF1	OGFR	FKBP5	C6orf89	PCNP	FCGRT	AMDHD2	ATP6V0A2	ABCF3	PEPD	CCDC92	ASUN	MMP2	SMARCA4	STK16	KIAA1671	RHOBTB3	HAUS6	PSMA6	ETNK1	RANBP3	GCAT	TIMM13	TFPT	RAP1GDS1	FAF2	CAPRIN1	KANSL1	LRRC45	METTL20	CIZ1	MIA3	MAGT1	MROH6	C14orf159	HS3ST2	HES4	COG5	GNA12	EP400	DENND1A	PKMYT1	EHBP1	GDE1	APOE	C4orf32	GNG10	NUP214	CPNE2	NMI	LMF2	COX11	HSPBP1	SEC61B	EIF1AD	RPS24	CXorf56	RANBP9	RAB31	C17orf62	RNF126	MTIF2	ADAM17	PIAS2	GMPS	MSH3	SLC38A1	DGCR6	POLR3F	PPT1	AGO1	GATAD2A	PREP	DCTN5	CXorf40B	NAAA	CCPG1	DLX2	LMBR1	DCAKD	EPHB4	CCDC107	PACS1	NUFIP1	MALSU1	OGFOD2	NIN	CNOT11	PHKB	KLHL12	C6orf136	EXOC4	FHL3	UBC	CACUL1	TMEM186	ITFG1	RRAS2	KANSL2	CCDC90B	TMEM132A	ATG4B	C2orf68	PEX2	PRKCD	PPAP2C	STAMBPL1	CARS2	PPP3CB	NADK	ANKRD40	ENDOG	CRYAB	AKR1C1	PFKFB2	RBM10	PLEKHN1	EYA2	GNAI1	EVL	RHNO1	DGKZ	FBRS	PPP1R13B	NFATC3	SORL1	MAD1L1	TRIML2	RSL24D1	ATP11A	STK19	CENPBD1	NCKIPSD	ZNF16	CECR5	LAT	DRAM2	SCAF8	NCAPG2	CLCC1	C11orf1	PPTC7	ETNK2	MKRN1	C6orf106	FUCA2	HP1BP3	SDHB	MCM3	MRGPRX3	AKT2	ASXL2	TNFRSF10B	IGF1R	AP2A2	FAM115A	ACSL4	GRB7	DCTN1	AC007390.5	ATE1	GALNT7	CREG1	CPNE8	AP1M1	GALC	FAM96A	MCM6	LMAN1	MKLN1	DNAL4	PSMD5	CETN3	PNKD	VGLL4	DLAT	RAB5B	SDR39U1	INPP5F	PRIM2	GPSM3	GATAD1	CCDC122	TXLNG	C12orf49	PJA1	KLHL28	MCM5	AP000350.4	CNOT3	SAV1	NEK8	EIF5AL1	SUGP2	PCNA	PARD3	ARRB2	GPS2	CSNK1G2	TRIM24	ARHGEF16	ALG8	ATL2	QSOX2	SLC35C2	TRIM25	PBX2	MVB12A	FUBP3	SDAD1	PSME1	OTUB1	PYROXD1	INPP5K	NUAK2	SERPINB8	PDK3	RAB21	SUDS3	ILK	ALYREF	HOMER3	TEN1	PAK2	B3GAT3	FBXO9	RDX	LPCAT2	CHCHD6	RGS19	IFFO1	RAD50	C6orf120	RPAP1	CYHR1	TAF1A	RTCB	FAM217B	TMEM184B	STAG1	CENPK	NQO2	NDRG3	GOLGA8B	RANGAP1	SPAG9	RPP14	SURF1	NUBP1	TFE3	PPP2R3C	CDK5	CMPK1	ARHGAP17	TMEM25	NTM	ILKAP	CHAMP1	SWAP70	DHX30	SCAF1	B9D1	STIP1	SRSF1	CLDN12	GTF3C6	IL20RB	TGFB1I1	TFPI2	FDXR	MYBBP1A	ITGA5	FRMD8	TAOK2	GNL3	EIF2B4	PLIN2	MRPL39	RAB12	IFT43	STOML2	PTPN2	SERPINB5	TAP2.1	SUPT20H	NUP160	TCIRG1	LPP	HNRNPUL1	TEX30	JAG1	THUMPD3	TAF15	PRR14	APOC1	NUP98	PODXL2	TOMM7	UQCRH	TUBB4B	RTN4	SERBP1	YWHAB	SNW1	XRCC6	VAPA	YWHAE	SRP72	IDH3B	TARDBP	XRN2	SRRM2	UBE2N	UBE2Z	TCEA1	TMEM154	UAP1	VPS25	SAE1	TCOF1	TOR1AIP2	TJP2	ZNF91	TCP1	TKT	WDR45B	RPL7L1	TSN	RRM1	VBP1	SNX6	ZNF627	DMRT1	STX12	ZFAND6	VPS4B	SKIL	ZBED2	SF3A3	SEC63	ZBTB7A	XAB2	USP16	SMAP1	PABPC4	SLC39A1	TMEM189	ZNF260	SNAI1	TYMS	SFXN2	RWDD1	IL6R	SF3B1	TRAP1	XPNPEP1	VPS37C	TRAF3IP2	TMEM109	UBE2E3	YARS	RTN3	TPX2	TDP1	SPINT1	SPDEF	STK4	TXNRD1	TOMM34	TMEM66	TWF2	SEC24A	TRPV3	SCAMP3	SUPT4H1	FAM122A	TUBB2A	SRPR	SYBU	SREK1	TMEM27	TTI2	DNASE1L1	YDJC	IER5L	TANC1	SH3RF1	ZNF780A	SLC2A1	TMEM87B	TEX10	TMEM246	NISCH	VMP1	SMARCA5	SIX4	RPS6KA4	UQCC1	SDHA	SHKBP1	TRIM16	TPR	TCF19	KCTD3	RSBN1L	PLEKHA2	UBE2M	SENP6	NOM1	YKT6	SLC6A8	TMEM60	SPTBN1	MEA1	UACA	NOC2L	SGCB	PTCH2	TCF25	THADA	SNX9	ZNF226	TMEM173	PDE12	PTPLB	TSG101	CCDC124	WDR75	TREX1	TSTA3	RNF44	USO1	CREBRF	VPS4A	SPDL1	UBE2E2	TMX1	SOAT1	MAP3K6	USP10	PTEN	SDHD	SLC4A11	DPH5	SMNDC1	UBN2	VAPB	VPS51	TBC1D1	WDR62	TTF2	TMOD3	SPATS2L	VAC14	ZNHIT3	RNF2	ZWILCH	TIPIN	FAT2	MPP6	SNAPC2	TSPAN15	ROCK2	REPS1	TMEM214	TMEM183A	SMPD4	SCAP	SEPT9	RABGGTA	SLC35F2	RTCA	SNX17	LY6G6C	SLC7A1	SLC2A6	ZMIZ2	THEM4	USP8	RWDD4	SH2B1	UTP18	RFX5	TRIM59	TNFAIP8L1	YAE1D1	ZNF770	UBL7	DPYSL3	SCRIB	WIPI2	TMEM115	TSC22D2	ERGIC3	HSCB	TNFAIP1	NDST2	SH2B3	KLC3	BCL2L2	LSG1	XXYLT1	TSEN34	TMEM251	RTKN	SMCHD1	WNT7B	HPS4	UBQLN4	TLCD1	USP14	SYNC	PRRT3	TMEM33	PTPN1	ZNF37A	SAYSD1	CNOT6L	NRIP3	KBTBD7	SNRNP200	PRMT6	ZDHHC5	TCF20	GCSH	SPTAN1	TFDP2	WIPI1	ZMYM2	TXNDC15	MRPL41	SPR	UBE2G2	VANGL1	POLE2	SCAMP1	TMEM160	NKAPL	HYAL3	SFXN1	ORC3	PROCR	XDH	USP28	ZNF148	CERS6	SLC6A6	ZHX1	CDC26	TPCN1	SNX7	MYO1C	PDCL	SMDT1	VASP	UBE2A	PINX1	MFSD5	ZMYND8	THAP10	TMEM106B	UBR1	SH3RF2	RNF145	MAN2B2	PPIE	ZNHIT2	TMEM179B	VPS35	SNX18	TMEM256	SMARCC1	UFSP2	PUS7L	RIN1	CYSTM1	UBE2Q2	CAMTA1	SMC5	MSANTD3	PXMP4	HMGA2	TM7SF2	PLK4	STX3	CCDC88C	DHRS1	TBL2	PQLC1	THOC3	NAGPA	TRAK2	SF3A1	UXS1	TRIM37	EXT1	NDUFS2	STX1A	STXBP1	ST5	UBE4A	ZNF219	EFR3A	FAIM	PPIP5K2	ZMAT3	SRPX2	ZNF275	VPS13C	USP5	NAT9	TSGA10	PAF1	VEGFB	TBC1D2B	WLS	TFEB	SH3GL1	ZNF326	PHKG2	CUL1	TSR2	P2RY2	TSSC1	RUFY2	KIAA0100	NOMO1	NUMB	PTPRA	ZNF514	S100A3	SH3BP1	SYK	ZFP64	ZFAND2B	SRR	SETD8	TPP2	TULP4	KLHL7	MMS22L	TMEM43	PPM1N	TGFBR1	PDZD8	PCSK7	RYK	TPMT	TSC22D4	TCEA2	ZNHIT6	VTA1	RQCD1	FBXO27	NSL1	VAMP4	UHMK1	NUDT3	ZBED5	SPRY4	ZSWIM8	URI1	DDX42	MLLT6	TMEM64	GOLGA2	RBL1	SDCCAG3	SMIM14	SLC15A4	MAP9	SNX33	WASH4P	REEP6	SH3BP2	FAM73A	HAUS4	UCKL1	RAB7L1	WDR54	UBE2D4	KRT31	FOXN3	RREB1	KIAA0141	MYO5A	PPP1R37	VPS13A	PRPSAP1	R3HDM4	VAMP5	HSF1	MTFR1	PTAR1	ZNF493	MFN2	STIM1	SNX14	SNX11	MAPK11	SLC25A30	UBAC1	ZNF10	TNFSF12	ZNF787	WDYHV1	TMED4	EVA1C	TBC1D7	FAM131A	TMEM110	DLL3	NPRL3	E2F1	SMPD2	UNC119	RECQL	RNF5	NSF	PPP1R14A	SIKE1	GPR137	PRPS1	PARL	TYW1	NECAB3	PRELID2	FAM189B	LEPROT	PIK3CD	ST3GAL3	RPS17L	HIGD2A	STX17	SCML1	YIPF4	TMED8	SSH2	SPRYD7	SNAPC5	VPS53	SFXN5	RIN2	C15orf38	FAM211A
M110	0.101288035142295	0.063926706456835	RPL7	RPL11	RPS3	RPL10A	RPS15A	RPL6	RPL27	RPS3A	RPL7A	RPS4X	RPL5	RPL15	GNB2L1	RPL14	RPL23	RPS10	RPL4	BTF3	RPS7	RPL22L1	HN1	NACA	EIF3F	EIF3H	ANKRD1	HIST1H2AC	SAT1	PEA15	IL1RL1	NAMPT	HIST1H2BK	EIF3E	C11orf48	EIF3K	AC010642.1	GLTSCR2	RHOF	HIST2H2BE	SDC4	FAM107B	PARD6B	ELL2	KRTAP2-3	RNASE7	DDA1	ITGAV	RNF19B	ERCC5	PLEKHM1	DOK4	ARMCX1	CDC42EP1	MRPL55	RIT1	RPUSD4	NFKB2	DNTTIP1	CLCN3	FBLIM1	HS1BP3	NRIP1	STAM	IL1R2	HDHD1	HELZ2	BRI3	AKR1A1	DLC1	FARP2	GNG5	GBP3	CUL4B	CCHCR1	FAM83G	CHCHD2	ATP5G1	TRABD	C20orf24	CDC42SE2	KCTD10	PLEKHG5	CD55	CCDC106	CEP250	ATP6V1C1	AGK	LRP11	CCDC11	THAP6	KAT6B	SSSCA1	LARP4	FAM45A	ARMC6	PIGT	MIEN1	EXOSC5	VSTM2L	CHP1	INO80E	ATP5G2	SVIP	PROM2	CCNDBP1	COMMD8	ENC1	SERPINB6	FAM98C	DOCK6	FAM168B	AMBRA1	FER	A4GALT	GRHPR	NR1D2	FNTB	BMS1	C11orf73	BRWD1	PRPF18	DROSHA	MAPK9	WDFY1	PARP3	SLC9A1	ABHD3	DPYSL2	AP1S3	ADAM19	PPT2	LHFP	OAZ2	DMTN	GNL1	HELZ	HLA-DQB1	SERPINB7	EIF4EBP2	LAMTOR1	PPP2R4	PARD6G	RNF20	RPS5	C21orf2	C11orf45	IDNK	FLYWCH2	PEX16	RLIM	RPS8	SQSTM1	VAT1	TUFT1	TRAPPC3	ZYX	ZNF133	HIPK2	SLC31A2	SDE2	ZMYM4	VIMP	USP34	SEC11C	YOD1	N6AMT2	STK40	ZNF528	ZFAND3	LSM4	STARD3NL	ST6GALNAC6	SLC38A6	SEC14L1	PRR4	WWC1	U2AF2	TSPAN9	UBTD2	ZNF428	SELT	PRIMPOL	TNFRSF21	SURF2	SGPL1	FAM35A	IDS	TTC3	JMJD8	TMEM53	NAF1	XPO7	TMEM159	TBL1XR1	PNPLA2	TSPAN17	ZNF544	TIMM8B	RPE	OSBPL9	MOCS2	SNX10	MED31	SH3D19	TSPAN5	ULBP2	UXT	ZNF677	RNPEP	OSBPL3	TRAPPC2	PTDSS2	SECISBP2
M111	0.071527069064971	0.180728327644034	NDUFA4	ATP5J2	TXN	NDUFB2	ATP5J	SEC61G	COX7B	NDUFA1	DBI	PLP2	COX6C	SOD1	TCEB1	MINOS1	FKTN	NDUFS6	COX5B	IRGQ	CIB1	COX5A	ATPIF1	NPC2	TMEM14C	MRPS21	NDUFB1	GTF2H5	DSE	FAM162A	SERINC1	BORA	MED26	FGD6	C14orf2	CDK18	NUTF2	ADRBK2	MAML2	SUMF1	COA5	HIST1H1C	NDUFS7	KIAA0040	ANKRD26	MUM1	MDM4	CHCHD5	MDFI	CCNT2	GCDH	GTF2E1	SPAG4	ASH1L	ATRIP	APIP	ADTRP	KDM4A	PCTP	HIST1H2AE	SIPA1L1	TXNDC17	UQCRB	UQCR10	LIPG	KDM4B	RCC1	ZNF35	TEAD1	TMED7	NT5C3B	HEATR5A	MFAP3	ZCCHC3	ZCCHC17	R3HDM2	CUTA	SLC2A3	HSF2BP	TNPO1	SNRNP35	SLC39A9	DIS3	NVL	MTG1	SLC35D2	CETN2	PARP10	SSH1	SLCO3A1
M114	0.09464893682086	0.076328868012797	RPL28	RPS28	S100A10	TMSB10	S100A6	ATP5E	NPM1	SH3BGRL3	GUK1	OST4	S100A11	MYL6	SERF2	GSTP1	PPDPF	EIF4A1	LDHB	TPT1	HNRNPA1	SEPW1	FKBP1A	FTH1	POLR2L	FST	TCEB2	S100A13	TUBA1B	PSMB1	CSTA	C19orf33	PSMA7	ILF2	LGALS1	ATP5G3	HSPD1	ATP5I	C4orf3	ADIRF	HINT1	PTGES3	MANF	MIF	C1QBP	S100A2	CCT2	NME4	EBNA1BP2	SRSF7	MGST3	PPIB	MAGOH	MYEOV2	GPX1	FABP5	RHOC	PTTG1	H3F3A	PRDX1	FXYD3	ROMO1	CST3	DYNLL1	HNRNPA3	PSMA3	HNRNPC	RANBP1	PA2G4	CLIC1	NAP1L1	IFI27L2	RBM8A	PPIA	NME1	COX6B1	PSMB6	C9orf16	CAV1	ATOX1	CNBP	MZT2B	FKBP1B	HNRNPH3	SSBP1	ATP6V0E1	CALM1	PSMD8	PNISR	DNAJB11	PSMB3	CCT6A	DKC1	MRPL3	KPNA2	KRR1	EIF2S1	DTYMK	NDUFB9	RAN	IMPDH2	DDX39A	RSL1D1	ACAT2	TUBB	FBL	PPA1	ATP6V1F	NEDD8	PPIH	NOP56	RPA3	PRDX5	GPATCH4	CCT8	FTL	TK1	MKI67IP	PSMA5	PSMB7	EID1	COX7A2	MRPL13	BAZ1A	HNRNPAB	EPCAM	SF3B2	GGCT	SSB	PRDX4	DDX46	BRK1	EMP3	TMED9	PNN	PSMC1	EPRS	FXYD5	CDC123	PHGDH	ATP5C1	FOLR3	CYR61	NUDT14	PSMD6	CLIC3	MAD2L1	BTG3	PSMA1	FBXO2	TMED10	FARSA	SEC62	GORASP2	SUB1	HMGB2	EIF3D	NOP58	SRI	SSRP1	DNAJC8	MFAP1	MCM7	PAICS	MRPL40	C21orf59	PLOD2	C7orf10	SHMT2	PSMC2	NOL7	NABP2	NDUFB4	MT-ND6	PARP1	EIF1AX	NDUFB6	RABAC1	RRM2	MRPL9	C4orf48	SF3B14	SPCS2	PARK7	GTF2A2	ALDH1A3	RGS2	RPP30	NGFRAP1	MZT2A	EXOSC8	GARS	COPS2	EEF1E1	ARG2	CTNNAL1	ATP5O	C14orf166	MRPL4	MRPL1	MDH2	C19orf53	CAPG	GRPEL1	SNX2	CENPF	FAM127A	AURKAIP1	EIF2A	SNRNP70	ETFA	CENPV	CSTF3	PSMC6	MRPS34	EIF4A3	NOB1	SLC25A5	PSMB2	IK	SNCG	AAMP	NUDT5	APEX1	CSPP1	COX6A1	MRPS18C	HSBP1	CHMP5	ASF1B	FRA10AC1	EIF3M	DDX52	IL24	ARL3	SMC2	NOLC1	C14orf119	PHB	MPHOSPH10	COX8A	RUVBL1	ADSL	TFB2M	ERP29	NDUFB3	ESF1	BAZ1B	C8orf76	FJX1	LTV1	SEPT7	DOHH	KIF23	PHB2	MOB4	CAPZA2	PDPN	COPS5	GTF2B	NUCB2	KIF20A	BUB1	MRPS9	RBBP7	PSMA2.1	CDC45	NANS	MLLT11	EZH2	NUF2	CKAP5	PAK1IP1	C3orf38	HMGXB4	PDHB	CWC27	NDUFC2	PFDN4	COQ2	GPR176	POLR2C	PLCXD2	WDR43	MRPS35	ENY2	DUSP11	C19orf10	NUDT21	LAP3	FUS	PPP4R4	TMEM203	MRPL22	SPOP	GLIPR1	BCCIP	FRAT2	BUB3	NDUFA5	CTNNBIP1	ECI2	PDLIM2	CENPH	NCOR1	RBP1	IDH3A	HPRT1	NSD1	GLRX2	NOL8	AKR1B1	PPM1G	ARF6	FOXRED1	BNIP3L	CHAC2	MCTS1	AK2	JAGN1	SPCS1	RRP1	SHFM1	TBCC	FNDC4	CSRP2	RAB38	BCAR3	FADD	CCNA2	SERPINE1	STAMBP	SUPT16H	MRPS7	GADD45GIP1	EXOSC3	LSM7	TTC26	DHPS	NDUFA6	MRPL48	NDUFAB1	RNASEH2A	NOP10	MED27	THAP11	FEN1	CWC22	DDX24	COX20	CLNS1A	MRPL46	MRPL15	PEBP1	NAPRT1	AHSA1	RNF114	ASF1A	PDCD7	C7orf73	KIAA0020	MRPL32	ASPHD2	EFNB1	PSMD3	SNRNP40	IFT57	RAB2A	PSRC1	MYBL2	PSMB4	ESD	BZW2	CMSS1	SSR2	METRNL	RFC4	MICU2	C12orf45	IFRD2	COX14	CCNB2	ECHDC1	ACTL6A	LSM6	NDUFS5	ISCA2	GNA15	HMGXB3	NDUFS3	C1orf109	SEMA3C	MPDU1	CC2D2A	PSMD4	EIF2B1	MRPS26	GEMIN2	SPOCK1	SCFD1	SPAG7	FIP1L1	GRWD1	PHF19	BICD2	CHD8	ADH5	TERF1	ARL13B	CRCP	MYO5C	DBN1	DRG1	DDX11	PHF10	GFM2	MRPL28	PRPF38A	KDM2B	SNX5	TRIP6	ANKHD1	NKIRAS1	LAMTOR2	CENPC	GPATCH11	NSA2	CTNNBL1	ARID3A	NGF	DNTTIP2	HSBP1L1	SAR1B	CLK4	CCDC93	RFK	TIMMDC1	PEX13	P2RY11	SUGT1	COL4A6	CENPE	GAR1	KIF11	PDSS1	HAUS1	STEAP1	RHOT1	RNF40	CDKN2AIP	STRAP	FNTA	ITGB3BP	SPG20	CCDC86	CDC16	EIF2B3	EHMT2	CTBP2	EFCAB2	NRM	DIMT1	ALDH4A1	RGMB	CDCA3	TRIP13	LRRC69	EMG1	AGGF1	ARL5A	MAT2A	CDC40	MRPS11	PHPT1	EML4	GLUL	FKBP14	ERMAP	ARFIP2	NUDCD1	SRPK1	EBLN2	SLC35A1	C4orf27	EAPP	JOSD2	FCRLB	ATP6V1D	CCNO	C6orf47	RRP7A	CLCF1	NTMT1	FOXP1	MARK2	EIF4ENIF1	AXL	TIMM23	VAMP3	RBBP8	LSMD1	QTRT1	JMJD6	MRPS18A	NAA10	CCDC126	RFC5	PFAS	HAX1	RNF113A	C7orf55-LUC7L2	ECE2	AKAP9	SSBP3	DDX39B	SAT2	SKA1	SPECC1L	HSF2	DPH2	PAK1	FIS1	RNF181	EXOSC6	TAMM41	KIDINS220	FXR1	HS6ST1	GABARAPL2	ALG3	ADCK2	INCENP	DHX32	PPIL1	PRC1	AATF	GPALPP1	GRAMD1A	MIB2	MAP1LC3A	TMEM230	GEMIN6	NDUFA3	DNASE2	RNASET2	PTDSS1	PPP1R3B	AKAP8	RNASEH1	SETD1A	TPRKB	KNOP1	EIF2B2	RBX1	CTSV	CLCN7	GNPNAT1	EEA1	MPZL2	BET1L	MRPL35	RASSF1	COX17	CEP95	FDX1	GAPVD1	ARID4A	NR2C2AP	DBNL	EFTUD2	MB21D1	DYNLRB1	ARID1B	DYNLT1	CDT1	SH2D5	ELF2	AP4M1	REXO2	CHMP7	PHF20L1	IDH2	NDUFA9	CHCHD1	HDAC3	NFYB	GTF2H1	ATG9A	DYSF	DCAF5	CCDC14	PIP4K2C	LRP3	TEAD4	KRTCAP2	C10orf76	RILPL2	GPKOW	VWA5A	MRPL43	PPHLN1	KIAA1217	CCDC25	CD2BP2	DEF8	PIM2	PPA2	PCGF1	DDT	MRPS36	HYLS1	CHEK2	ANKRD54	MLKL	PTK2B	CNN3	DONSON	CNPPD1	ASB7	BIN1	NDUFAF7	AFMID	MTHFD1	AGTRAP	GSTM3	GTF2F1	SAP18	DICER1	CAPN12	ACO2	ACTR6	C3orf62	PIK3CB	TROVE2	NANP	FKBPL	CHRAC1	STK10	CHIC2	NUDT11	RHBDD2	PCNX	RNF7	CTDSP1	DPM3	CCDC28A	CLASP2	HCLS1	HIST1H2BC	AUP1	FRS2	MARC1	ERICH1	NBN	PQLC3	GPT2	ATAD2	LGALS7B	DCXR	IL17RA	BABAM1	COMMD1	NIPA2	MOGS	BLOC1S4	SNF8	C16orf45	KIAA0195	EID2	CHMP2A	BCAT2	IPPK	NFXL1	NAT14	BLMH	RPAP3	MPST	RB1	HILPDA	HMMR	NME1-NME2	RCN1	COA1	PHF17	ATRAID	TRAPPC2L	CINP	ASH2L	LMNB2	MTX2	CCDC57	CDCA2	PSD3	MAP2K7	DPP9	ALKBH1	MBIP	ABR	CYB5B	MCAT	GINM1	KIAA0586	GID8	TRNP1	HS6ST2	SARNP	DDX49	FKBP2	NCKAP5L	DCPS	NDUFV3	B3GALNT1	ITGA10	ADCK1	NUBP2	PAPD5	MPC2	MARVELD2	HEBP2	RBFA	CASP2	PKP2	SEL1L3	CEP68	DFFA	CCDC104	GSTCD	SYDE1	RASSF7	RNMTL1	RABL5	MYLPF	ARHGEF39	CTNS	PYCR2	LPCAT4	GNL2	ATP13A2	TEFM	TMEM138	MDP1	MED28	TAF6L	RHOT2	LPCAT1	NUP93	PGM2	CISD3	PCID2	GSR	NCOA5	ISY1	PPP5C	ATG4D	SHCBP1	PVR	ATAD3B	CRIM1	ARL2	C3orf17	DDX6	NFATC2IP	LIPE	NPRL2	LACTB	FPGT	GOLM1	MTX1	C10orf91	PDHX	PI4K2B	PPAT	FUOM	CMC1	TCEAL8	USMG5	DNAJC11	CDC42EP5	SLC39A4	MFAP5	ABI2	MAP2K3	ARMCX3	GMPR2	DYRK4	GPR108	GUCD1	AP3S2	ERMP1	GALNS	ODF2	LARP6	GLT8D1	EIF2S3	ERCC3	HMBS	NDUFB10	MCM4	PGLS	OSGIN1	PIGX	RELL2	EPM2AIP1	GGACT	PPIL4	FAM135A	C1orf86	FAM129A	SLC25A4	MTO1	KAT8	TMPO	MTFR2	MRPL24	IKBKG	PRPF40B	SMIM13	GALT	CBWD6	CNTNAP2	GTF2H2	JMY	CIDEA	COX15	TMEM87A	GTF2H2C	TAF11	CFDP1	ME2	PDE8A	SCLY	LIMK1	LA16c-431H6.6	NCS1	SKP2	AAED1	PAFAH1B1	ARMC5	PDCD2L	PDXK	STC1	HOOK2	PURA	NME7	ABCB7	PLS1	SH3YL1	DIDO1	POLR3D	ALAD	GINS3	ENG	CHERP	CCNL2	DAZAP2	IPO8	CENPO	CTDSPL	LCAT	FAM98B	ADRBK1	PLEK2	CEP78	CCNH	C12orf54	MAST2	SLC43A3	MPC1	ANAPC2	PPP1R1C	NTAN1	DPP7	LYRM5	SUMF2	SRA1	CLP1	FAM134C	GSTA4	RBMS2	LRRC42	DERL2	NBEAL1	LPXN	FAHD2B	TUFM	CCNY	AGTPBP1	FOCAD	ARHGAP8	ACP2	C1QTNF6	CTU2	MDFIC	GALK2	GCHFR	AIG1	RMDN3	ATP5SL	TMEM42	ATF7	C18orf8	ERCC8	NENF	ELF4	ST20	CACTIN	FAM92A1	CCDC88B	NIPAL2	TFCP2	CHMP4A	CDH13	MTAP	NIPBL	STIL	CCBL2	C6orf226	NMRK1	NOC3L	AC018816.3	GMEB1	SHISA4	ERCC4	ETV4	MACROD1	SART1	PTCD3	POPDC3	KDM1A	RAB4A	BOLA2B	LRFN4	MORN2	TMEM245	NDUFS8	PRKAG1	HINFP	CYB5A	MRPL11	EGFL7	MID1	MRPS25	SLC5A6	TMSB4X	SLC25A11	TM2D3	KIAA1324	CAD	RABEP1	TPM2	OPA3	PSPH	MXRA7	POLE4	NDUFA2	DOCK5	NPHP3	NKTR	PRMT5	MTRNR2L2	TMEM219	SPC24	PMF1	SH2D4A	SPEN	MICA	PIN4	PNPT1	EFCAB11	KCTD14	UBL5	UQCR11.1	TUBA1C	VAMP8	TSPO	UBB	SNRPB2	SET	UBE2T	TRAPPC1	TUBB6	SNAPC1	SRP14	SMIM22	ZWINT	TSPAN1	VDAC2	UQCRC1	PSME2	SSR3	SELK	WBSCR22	VDAC3	POLR2G	SMC3	UQCRFS1	VIM	UQCRQ	SNRPD3	UBXN1	TGS1	SMIM4	PSMD13	TSTD1	SLC25A33	UTP3	MIS18A	SUCLG1	SRSF9	TBPL1	TOMM40	SRSF4	ZZZ3	SAFB2	PSMC4	ZNF440	ZNRD1	THRAP3	ZNHIT1	VRK1	TXNDC12	UBE2Q1	WDR45	SSR4	SLC25A38	SOX7	CHCHD10	RPF2	ZC3H18	SLC35B1	URM1	SSU72	YRDC	SLC44A3	SP100	TINAGL1	TRAFD1	SGTA	SRP9	ZNF330	UCHL3	THAP7	TRMU	SURF6	PPCDC	POLR3A	TP53I11	TMEM126A	UBA2	RCL1	UTP6	TOR1AIP1	ST6GALNAC2	SREBF1	UBXN4	NIPA1	UBA5	RDH10	TMEM134	SNX13	RHOQ	UBE2V2	ST7L	TRIM27	TMEM258	ZNF266	ZNF282	XPO4	SHROOM2	VPS26A	SFPQ	STXBP3	SETD3	MINK1	WDR18	TMEM14B	SLC17A5	SF1	TRIM7	UMPS	SLC4A7	UQCC2	USP39	MPV17L2	PDDC1	UTP11L	TAF6	SMYD4	ZNF587	SMYD3	SPC25	TMEM177	RBMS1	TNKS1BP1	PICALM	PTBP3	XPA	PHF15	SMC1A	ZNF669	ZFC3H1	SHROOM3	UIMC1	SP140L	TRAF3	WASF1	TRIM56	WDR12	WRAP53	NBEAL2	PRR11	ZNF259	SNRK	ZNF839	NUPL2	RPRD1A	TCHP	UFL1	SDR42E1	STX7	WDR66	SORD	GAS2L1	SAAL1	EMC2	RANGRF	TMEM5	EP300	ZNF32	VAV2	UPF3B	MICB	TSR1	SAMM50	RAB8A	KLHDC3	MFHAS1	RNF25	EGLN3	MAP7	ST7	SNAPC3	FAM127B	PIKFYVE	SEC11A	SCRN1	TOMM20	SLC37A3	XKR8	ZW10	ZFPL1	UQCRC2	TGOLN2	FBXL3	SPOPL	NREP	MOSPD3	TAGLN	METTL2A	TSR3	SDCCAG8	NUAK1	RNF167	TMEM50B	PIGL	WDR36	MVK	TRIQK	RUFY1	NMNAT1	SOGA1	SOCS2	CDCA7L	SH3TC1	FAHD2A	WDR41	KIFC3	SRPRB	TRPT1	SHMT1	M6PR	MSANTD4	POLR3H	SAMD1	SLC1A4	TSC1	RABIF	ZNF468	SNX4	NUP188	GEMIN8	POGZ	WDR76	PRKAA1	SNAP23	RAB34	FDX1L	TANGO6	TRAM2	TFB1M	TYSND1	SASS6	PPARA	DRG2	PPP6R3	NUP62	PGAM5	SMUG1	SIK3	HOOK3	SPATS2	UBP1	UBR5	RMI2	WDR77	PIK3C3	TVP23B	NELFE	UBQLN2	ZDHHC9	TSEN54	SLC25A53	TRIM61	CLMP	WDFY3	TOP2B	XRRA1	ZNF317	SLC48A1	TCF3	SLC37A2	UBFD1	PRKD3	PYCRL	SCAF4	LYRM4	CDC42BPB	POLR2J	MYPOP	RP2	SNX8	YPEL3	KBTBD8	ZNF44	SRD5A3	NUDCD2	ZNF324	POLR2J3	WRAP73	SUSD1	WFS1	ZNF140	ZFHX3	GNB4	TMEM30B	XPO5	TNRC6A	PORCN	MDC1	KRBA1	LYPLAL1	TLN1	TMX2	ZDHHC18	TOMM70A	BIRC6	VMA21	TMEM242	WDR4	MTMR14	SMIM20	RFX1	TTC17	SLC25A10.1	TMEM261	SLC7A6OS	UPF3A	SLC37A1	USP40	TMEM167B	IFNAR2	SMAP2	STARD10	SLC38A9	ZBTB4	NSG1	GLTPD1	RAB11FIP2	PSMB9	CREB3L4	UCHL5	WIZ	SLC35A2	PTRHD1	KLHL17	L3MBTL3	SSBP4	RAD51D	SPAG16	DERA	C9orf116	AXIN1	PRKDC	SLC18B1	DNAJB14	FAM207A	STYX	TMEM14A	ELP2	USP11	USE1	ZNF688	TLE4	LPCAT3	RBM28	ECHDC2	DAG1	IMPA2	SMIM1	TEX261	TMEM39A	TMEM104	PTGES2	RILP	STX8	PMVK	ZNF714	USP6NL	IKBKAP	TTC14	ST6GALNAC4	PTPLA	OSTF1	TRAPPC10	ZC2HC1A	PAFAH1B3	KIF13A	TMEM208	MSRB2	MDN1	GSTO2	CLDN15	NELFA	SEPP1	PSORS1C1	TBXAS1	PAIP2	SLC25A14	C22orf39
M115	0.175306208903818	0.002013987620745	ACTB	ENO1	LDHA	ACTG1	PGK1	AP2S1	CDC37	KRT18	BCAP31	ST13	COTL1	DKK3	EFEMP1	ACOT7	PRDX2	APP	FKBP3	COPE	GLO1	GDI2	DNAJB6	CSRP1	EIF4G2	ACLY	GNB1	PTBP1	CBX5	ATIC	KDELR2	ANAPC5	TPM3	OLA1	IMPDH1	GAS6	RCN2	F3	COPS6	ASS1	ADAM9	COPS4	COMMD4	COPS7A	EIF3G	NDUFAF3	KIAA0196	EEF2	FLOT2	HSD17B10	GOT2	GABPB2	TPI1	LIPA	ALDH2	HM13	DNMT1	FDFT1	SLC25A3	NDUFA8	COX7A2L	EXOSC1	AP1S1	MGMT	SHC1	ANXA4	DECR1	C1orf216	KRT8	GBAS	ELOVL5	CD82	DNAJC1	ATG2A	DNAJC5	DDB2	EHD2	CDK16	APMAP	LYPLA2	ATAD1	ABCB8	GMPPA	ATG5	CEP63	LYPLA1	BAG6	JHDM1D	NDFIP1	PAK4	GPI	CTSZ	BLVRA	HAUS2	EZH1	CNIH1	NCF2	PLOD1	MCCC2	HSDL1	ALDH3A2	CUL3	FTSJ1	PLXNA2	CAMTA2	MAPKAP1	GUF1	SYNGR2	POLR2E	ARF5	PDLIM1	MRPS27	CKMT1B	DGKA	PARVB	CNP	CCDC115	CKMT1A	LTBP3	BACE2	PVRL1	TSPAN4	CIB2	PKNOX1	PRMT1	RUSC1	POLR2F	PGAM1	TAGLN2	VDAC1	PDIA6	YWHAQ	TPM4	TGFBI	XRCC5	PPP1CA	TALDO1	RHOA	TRAM1	RBM3	SMS	TMBIM4.1	SLC25A1	VOPP1	PIH1D1	SLC38A5	SEPT2	GHITM	NDUFA11	TSPAN3	WARS	SEC13	KDELR1	UFD1L	FADS1	SHISA5	RTFDC1	MFSD11	SLC39A6	PLGRKT	SYPL1	PFKM	P4HA1	HINT2	RAC2	SLC29A1	PCSK9	LEPRE1	PXDN	LIMS1	OCRL	SLC35B2	FIBP	SLC2A4RG	FAH	SBNO1	KLC2	TMEM123	NCOA3	JAK1	SNX24	PCOLCE	PSENEN	PIK3R3	EIF4B	PDCL3	TRAF7	TINF2	STAU2	PPME1	MECR	EPHX4	POU2F2	SDHC	CCDC159	PRDX3	YBEY	LETMD1	SLC27A5
M118	0.131241328053515	0.013454288384834	ANXA2	KRT5	KRT6A	KRT19	ALDOA	PKM	ITGB1	CLTB	KRT14	CAP1	CAST	CAPN1	CNN2	ARPC3	CAPZB	GPS1	COL17A1	ACTN1	ITGA6	ARPC2	CAPN2	ERO1L	CDH3	CYGB	ACTR2	HADHA	CD44	JUP	CALM3	AP2M1	IL1RN	GSN	HDLBP	GNAI2	RHOD	GRINA	AHCY	DCTN2	CTTN	ACAA1	CD81	NDFIP2	EPN1	ACADVL	FAM83A	ESYT1	GALNT2	ANXA11	ANXA3	GLTP	PYCARD	FEZ1	AP1M2	BNIP3	ERGIC1	CDH1	CAV2	P4HA2	MSN	HK1	GIPC1	ASPH	NT5DC2	FBXO3	CPNE3	DSTN	ASAH1	PSME4	ERCC1	ARF3	APRT	ATP6V0D1	CAPNS1	CORO1B	DNAJC10	HIST2H2AA3	ATP2C1	CSNK2B	KRT6B	GM2A	PGM1	ELOVL1	CYB561A3	DCP1A	AMFR	IQGAP1	AGPAT2	CHMP3	BID	MICU1	MAP2K2	CD9	GLRX	GYS1	CLIC4	CORO1C	ADCK5	YIPF3	ASCC2	GNB2	AAMDC	PPIC	DDB1	TMBIM1	FADS2	TM9SF2	CD109	BLVRB	C16orf13	INSIG1	AMD1	BTBD10	PLS3	LAD1	IDH3G	GPC1	EXOC7	CYFIP1	ARL1	FBXO6	SERINC3	FAM3C	CARHSP1	PRR13	KRT7	LTBP4	IMPAD1	FAM120A	AAGAB	ATP6V1E1	DUS1L	ALG1	BRPF1	ABHD17A	OSBPL10	PLTP	PRKCZ	CERCAM	PYGB	GSK3B	MAP2K1	CCS	CMTM7	MBOAT7	CCDC167	FAM50A	ADCK4	ALDH7A1	ALKBH7	LEPREL4	KIAA1598	ECE1	HMGCL	C6orf1	CDKN2A	SDC1	CA12	CD74	AP5S1	C20orf196	COL7A1	MAPK13	CD68	GALNT6	TBC1D22A	HLA-DPB1	PIGK	MFSD10	DHRS12	KLHL5	KIF9	C21orf33	PKP1	ARSA	TM2D1	LDOC1	GFER	NDRG1	GSTK1	C9orf41	PIGP	FUNDC2	SBF1	SDCBP2	MKKS	GTF2I	STARD4	F12	LEPROTL1	S100A16	NUDT22	POLD4	SPINT2	TP53I3	WDR1	TNIP1	TAPBP	SKP1	PFDN5	TPM1	UBA1	SERINC2	LAMP1	SP110	PTTG1IP	LGALS3	MYO1E	OPTN	HYI	MVP	ZNF185	TOLLIP	GPX3	STXBP2	ZMPSTE24	PTPRK	SQRDL	TAX1BP3	MAP3K7CL	UBE3A	RRAS	SLC38A10	UBXN6	TBCB	PDLIM7	RER1	NPC1	PON2	RNF141	TECR	MMP14	TPD52	NIT2	PGD	RGS10	MYOF	TUBA1A	ME1	TM9SF3	VPS28	TMED3	SEC23IP	RAB11FIP5	RSPH1	PCYT2	ZDHHC3	DYNC1LI2	SLC2A9	ZDHHC16	NPEPL1	TSPAN31	TRIOBP	SLC41A3	PRKCSH	PRCP	VPS16	LTBR	UBE2V1	STYXL1	SCOC	TAF12	SRD5A1	OBFC1	TPD52L1	TMEM79	TMEM141	TCTN3	TAF10	SSR1	TRIM28	LCMT1	RSU1	MKL2	METTL10	SUCLA2	GPX2	TMEM98	MMGT1	STAP2	ALAS1	SCARB1	METTL12	HDAC11	TTC37	TATDN3	POMGNT1	NDN	SLC16A9	NMRAL1	SPPL2A	UFC1	NPDC1	ZSWIM7	PMM1	PYGL	STK25	PCBD1	SLC35F5	NELFCD	PM20D2	SCP2	NRAS	SEC23A	LYRM7
M119	-0.03008625776053	0.658833968915603	PPIG	C19orf48	RBMX	U2SURP	HCCS	EIF3A	CKAP2	PDHA1	PLEKHA3	RPGRIP1L	AKT1S1	GTPBP8	C9orf89	TCF7L2	C6orf203	STX2	COMMD3	RAD51C	THOC5	IARS	AASDHPPT	DZIP1	DHX34	LPIN1	SV2A	MSTO1	PARP6	ZC3H15	SRRM1	TSSC4	TMEM129	PTRF	PDGFA	TMEM185B	SETD5	UBN1	FOPNL	ZC3H8	XPR1	IGBP1	TBC1D17	USF2
M120	-0.112265027796666	0.04330170564063	LUZP1	ARHGAP29	KIAA0947	ATMIN	COG3	COL4A5	SCAF11	CRLS1	POLR2B	ZNF593	NOXO1	ZFX	SIRT6	UBTD1	NSMCE2	TANC2	TSKU
M121	0.016547304347344	0.780983790660886	ATP2B1	TNIP2	MYO1B	ARSJ	CANT1	SGMS2	DNAJC25	SRGAP1	RING1	OVOL1	NOL9	RUSC2	ARHGAP27	OSBPL8	RNF26	HAGHL	SERPINF1	GOSR2	RASIP1	DNAJC30	SMAGP	PRKRIR	ZNF655	THOC2	ZNRF1	UHRF2	FAM188A	ZFP91
M129	-0.021834735687429	0.758286320986859	IRX5	STRIP1	DNM1	LY6K	C2orf76	OSR2	MYSM1	PHF13	WDR37	TRIM39
M148	-0.052340853163972	0.329582065885639	CUL5	B3GALT6	NCSTN	FAM216A	PVRL3	ZNF652	SPTLC2	SPATC1L	SCAMP4	ZC3H7A
