M5	0.347	0	ANXA2	ENO1	ALDOA	NQO1	KRT18	ACTB	ALDH1A1	LDHB	PKM	S100A10	CFL1	HSP90AA1	CD63	MYL6	AKR1B1	GAPDH	AKR1C2	NDUFA4	GSTP1	S100A11	COX6C	PSMB3	ANXA1	G6PD	PPIA	CACYBP	ARPC3	KRT7	PGK1	AKR1B10	S100A4	ATP5B	PFN1	HSP90B1	UBB	CCT7	BSG	AKR1C1	MDH2	MGST1	CLU	COX4I1	HSP90AB1	C14orf166	NDUFB11	CYBA	COX5B	BLVRB	EMP3	BCAP31	LAPTM4A	EIF5A	COTL1	FAU	MGST3	NDUFB2	IGFBP7	TPI1	CALR	DBI	CSNK2B	CCT5	PEBP1	EIF3I	ECH1	GGH	MRPL24	PDIA6	CHCHD2	ALDH2	AP2M1	CCT6A	RABAC1	CST3	ALDH3A1	COX6A1	DRAP1	ITM2B	CAPZB	HSPA5	NDUFB8.1	CCT3	CTSD	C19orf33	TGFBI	ITGB1	FKBP3	AP2S1	ACTG1	PEPD	KRT8	DNAJA1	PGRMC1	ANXA4	CHMP2A	CD59	FKBP1A	COPE	PLP2	DCTN3	ATP5E	PA2G4	ANP32A	TPM1	FAM50A	FTH1	DDOST	DNAJB11	ATP6AP2	HNRNPC	GSTO1	COPS6	ADI1	ANXA5	ETFB	GLRX3	FKBP4	CCT8	AVPI1	S100A13	HNRNPA2B1	FTL	HPRT1	TALDO1	EDF1	CRIP1	HPCAL1	AGTRAP	MFGE8	P4HB	CLTB	S100A6	CAPNS1	ENO3	GPI	FDPS	EIF6	DUSP5	CTDNEP1	HSD17B10	CAV1	PDIA3	FUCA2	ATRAID	EBP	GLIPR1	CAPN2	GALK1	ARF3	NUDC	PMF1	OCIAD2	PDXK	ROMO1	FAM192A	HDGF	ASPH	B2M	MIF	EPHX1	IER3	CDC37	ECI1	EXOSC1	EIF4EBP1	ITGAE	REEP5	H2AFY	ACADVL	AHNAK	GRHPR	NUCB1	HBEGF	G6PC3	ERCC1	GPX2	ARPC1B	KDELR2	RPS27L	IMPDH2	ANAPC16	GUK1	ACAT1	APOC1	RAB13	PIGT	BCKDK	MYEOV2	TIMM50	ARPC2	NDUFAF3	AHSA1	SH3BGRL3	ACOT13	ATP5F1	HSPD1	CARHSP1	BRE	APRT	IFT27	PYCARD	CMC1	AKR1C3	RANBP6	CISD3	CIB1	ADH5	C11orf31	ASNS	ALDH7A1	NUTF2	ICT1	EIF5B	CREB3	PSMC3	OAZ1	ATP6V0E1	COX20	GNB2	ENSA	MKKS	C7orf73	ERGIC3	ACAT2	C20orf27	KARS	CUTA	HNRNPR	BAP1	CENPK	HIGD1A	SPNS1	RBM3	ADSL	DECR1	CPNE1	COX14	CYSTM1	HKR1	CDA	NENF	ANXA7	CES1	HAUS1	HEXB	ANXA11	EMC3	FAM171B	GOT2	FAM127A	MYL12A	COMMD6	REST	CARS	MRPL37	PRDX5	CTSB	RNF103	MPC2	APMAP	CYC1	HTRA1	DHPS	DDX42	MTCH2	RMND5A	MYL6B	AKR7A2	C20orf24	GRN	CSDE1	ERLIN2	CCDC90B	PGM1	CKLF	DAZAP1	MTX1	BID	OST4	S100A3	HSD17B11	ARL1	NIPAL4	CCND3	COX16	HEXA	CCDC91	GSTK1	KIAA0368	FKBP2	RBM4	PRRC2C	ABCG2	CCNI	ARF4	SRP72	MYL9	C2orf82	PDLIM1	ATP6V0B	EMC7	PSME4	CREBBP	EPRS	CCS	CACNG8	FKBP8	CSRP2	ADRM1	SPAG16	CYB5R3	ADSS	TRMT10C	LAMTOR4	CMPK1	FEZ2	ALDH3A2	FAM160B2	SNX17	CHORDC1	FAM122A	BRK1	ACAA2	C1orf52	SLC51B	SLC22A18AS	FLYWCH2	FGF23	CRELD2	CWC27	GLO1	CDK16	ABHD14B	PDHA1	IDH3B	KDELR3	TIMP1	FIBP	CD3EAP	PRSS3	CBL	NOSIP	PMM2	C10orf137	PFDN6	ANKRD49	EID1	C11orf83	DLX4	FBXL19	SDSL	BCAS4	DDX24	TMEM205	C17orf96	CASP10	DNPH1	PLS3	MRPS12	DBNL	DCTN2	DDR2	DDT	ATP1B3	PDAP1	TAF10	CDK5	DDRGK1	ARHGEF12	CCDC53	SIRT3	DR1	KMT2B	CD151	MFSD10	CHERP	NDUFS7	KANSL3	CAMLG	MRPS21	CCSAP	MRPL42	BLOC1S3	FAH	AIFM1	NDUFA9	CTXN1	IGFBP3	JMY	RHOC	DCP2	TARBP2	ASCC1	LNPEP	CDC42SE1	EPB41L2	GSTA4	COMMD8	PARVA	CSRP1	FGFR4	HGD	CHID1	ARID1A	TPGS2	PTPN6	CADM1	HMGCR	KTI12	SPARC	PHLDA2	TPM2	CBX4	SURF1	AKAP12	PDLIM7	COQ6	PROCR	FBXO17	GPATCH2	HSPB8	RFC5	CDR2L	C4orf27	MAPK6	ATF3	RALB	PDE4B	CACTIN	ETNK2	MTX2	ILK	HUS1	PCNX	FTSJ1	CTNNBIP1	C11orf82	ECSIT	PRKAB2	RAB32	NARS	TM7SF3	ADA	PRCP	TMEM256	PPFIA3	GPM6B	IDH1	PYGM	LRFN4	BECN1	HDAC2	NPPC	NGFRAP1	CD47	CNPY2	CDK11B	AP1M1	LGMN	GPR108	MANBAL	RNF26	ARL2BP	DEF8	ABL1	AMZ2	ANKIB1	IRS2	ACTL6A	RTN2	COL18A1	NRDE2	FAIM	AIFM2	ARF5	MRPS7	NDUFB7	OSBPL8	QPCT	CTU2	LEMD3	NUDT5	MTHFD1	OSBPL2	DCAF5	OXLD1	ALG8	IFNGR2	CBX5	SERINC2	MAP2K2	METRN	DMPK	C2orf69	FADS1	BCL2L11	MPP6	PDP1	MTMR14	PKN1	EAPP	ERICH1	GAN	RBBP4	AQR	COMMD9	ANTXR1	COMMD4	FBLN1	MXRA7	DAXX	PGM2L1	USP42	DARS	RNF219	PTOV1	ORAI1	EAF1	CTSA	TM9SF2	PDPR	ISL2	CEBPZ	ARL6IP6	EMC10	ATP6V0D1	ERI1	MICU2	MAPKAP1	CALD1	KHDRBS1	KCNK1	C9orf16	E2F6	S100A2	BTBD7	LACTB2	PIM3	HCN2	PSMD4	SCCPDH	NDUFB5	COPB1	COMMD10	E2F4	AES	NAGK	CAMTA1	KCTD5	EIF3B	GON4L	NDEL1	MFN2	ITM2C	DNASE2	SIPA1L3	C7orf26	TOE1	AHCYL1	GUSB	CCNB2	EMC1	CISD1	EPHB4	KNSTRN	ROCK2	LEPROT	KIAA1324	CDC42EP4	SIK1	C7orf49	TFPI2	IMMP1L	ZNF322	AFP	FAHD2B	GCC2	GALNT2	CAD	STT3B	CPPED1	ARPP19	CCDC107	C1S	RP11-187E13.1	GXYLT1	KCMF1	GEMIN2	NHLH1	ALKBH2	ALG3	GOLGB1	LIMCH1	B9D1	RDX	ASAP1	GYG1	NCOA5	CDS2	PTEN	CXCL16	CCHCR1	PHKA2	ARRDC2	EXOC1	FURIN	PSAT1	SNAP25	PRDX4	SLCO3A1	FLOT2	PEX2	ATP2C1	COQ2	ASAH1	BNIP2	CEP95	DLD	PLA2G12A	F2R	ACER3	CAND1	CNTROB	IRX3	JOSD2	ARHGAP44	DAAM1	KLHL20	FAM13B	POLD2	COPS7A	RQCD1	FKBP1B	SMIM20	ASH1L	C16orf13	AC018816.3	AKIP1	PPP1R7	CLSTN1	SLC9A1	CHCHD7	GIP	CLP1	ASL	RAMP2	HABP4	GABARAPL1	SLC39A8	RNASEH1	TBX2	RIC8A	DLG1	EHMT2	RFT1	LAMTOR3	SRD5A3	ABHD13	C9orf114	GOLT1B	APIP	MED30	C6orf1	ATP1A1	BROX	RBBP7	ALKBH3	CNOT2	BRWD1	CALU	SAP30L	ABHD12	ATF5	FAM53C	ACTR10	KLHL5	FTSJ2	TPD52	PPP1CA	HRSP12	C6orf47	C2orf76	EMC8	ANKRD27	CARS2	MMP2	RBBP5	BAG3	ACTR1A	HTATSF1	CETN2	ASCC2	HDGFRP2	NAPA	DDB1	IRAK2	NIT2	AMMECR1	DDX58	CLGN	DNTTIP2	FPGS	UQCRQ	ABCC3	KIAA1279	PBX2	RNF135	PERP	OSTC	BACE2	APLP1	DNAJC11	GINS1	NOL9	HLA-A	COCH	ACOT8	OSTM1	C21orf59	CCDC58	CAP1	MAPRE1	CAPN1	RTFDC1	LSMEM1	ATP6AP1	PRPH	SLC39A3	BAMBI	IL32	TCEAL3	HIBADH	MAPK12	FBXW2	DGCR8	P4HA1	ATMIN	RAET1G	ARHGAP5	EMILIN2	RRNAD1	HOXC6	ARSD	LIF	AFTPH	TBC1D25	MARCKS	MTIF3	MYO1G	ACTR2	PEX12	RBM38	MAP1LC3A	PFDN4	REXO2	EPS8	DRG2	LRRC23	HS1BP3	LIMD2	DUSP23	SAMD4A	CAPN12	IRS1	GINS3	GZF1	DHRS3	FH	HNRNPH1	CMTM6	C18orf56	POPDC3	CEP290	S100A16	RFC1	DESI2	CD55	SUPT20H	RIOK3	GPATCH8	HNRNPA3	FAM195A	PBX1	MAPK8	C9orf37	HLTF	HOXB9	ELMOD3	PAN2	CUX1	IGF2BP1	BIK	C9orf116	MAPK14	CDIPT	AHCTF1	GLYR1	MYO6	CBWD1	CBS	ATIC	PHYH	BMPR1A	HOXA3	C20orf96	FBXO28	ATL3	CLPB	DIMT1	DDX10	GNL2	C19orf54	FAM210B	GORASP2	GHRL	AGFG1	PALLD	CLDN1	PUS7	LIMK1	GNPDA1	JAGN1	CCPG1	ITPRIPL2	PRR4	DNAJB2	HYOU1	TJP1	POP5	ORMDL1	LARP6	BIN3	SEMA4C	PAPSS1	LRTOMT	CPNE2	STARD3	NOTCH2	ACBD6	NIPSNAP1	AC079210.1	CSPP1	BCHE	PRDM1	ACAP2	BDH2	KAT2A	DCTN4	PROSER2	ERMAP	CERCAM	RND3	LOH12CR2	INSIG1	CHD8	BAIAP2L1	CAMSAP1	CD9	KCNG1	CFD	GSN	GRSF1	MED18	C20orf112	GRAMD1A	POLE4	HOXB7	CMBL	PIM2	AP1S1	NAA35	GCNT2	EFHD2	CHMP7	PKN2	MYNN	CYLD	FAM86A	TCEB2	NDUFV1	CRX	MEAF6	CES2	HTRA2	BAG2	PSMD3	HIATL1	C11orf49	FAM184B	SDCBP	CAPG	ACN9	ATG10	BCL2L2	NDUFS1	HSCB	A1BG	POMGNT2	KIAA0141	CHP1	PDE11A	C6orf89	ALKBH7	MMGT1	METTL21B	ABCF1	TEX261	RABL5	L3HYPDH	ALDH1A3	TFDP2	NSMF	MXD1	ATXN7L3	PIR	FSTL1	AARS	FAM160B1	FKBP9	SREBF1	HSPA12A	DNMT1	CEP19	GBP4	BNC2	SUMF1	TGFB1I1	AAAS	ARHGEF40	FAM217B	SNX7	C9orf9	FAM175B	COL1A1	SLC25A11	GEMIN5	IFT81	CSNK1G1	CLPX	CENPB	FAM200A	FASTK	RABEP1	DALRD3	GGA2	ATP6V1A	SOCS5	SCPEP1	DHRS4	LSS	RNF24	DDA1	TMED7	SWI5	POLR1D	TAX1BP3	CAT	NARFL	FLVCR1	BIN1	SLC25A10.1	ZNF655	KAT8	ACTR6	CYB5D2	PILRB	CCDC47	EXOC5	SAR1A	STK25	AP1B1	PRKCA	GABPB1	AGPAT5	GRK6	GTF2H3	KDM5A	SSR3	HLA-B	FUBP1	ATXN10	CNNM4	ECD	TMX2	RPE	RARS2	EFCAB4A	FAM127B	SF3A3	MRPL45	ARFIP2	CPM	LIAS	CAP2	RBM34	ENDOG	TBX3	MATR3	DAB2	ACO2	ADAM10	SHKBP1	HSD17B12	MYH9	POLD4	SP3	CRNKL1	IRF2BPL	PMPCB	ABHD14A	CERS2	RAB11A	NOL8	GRB10	CCDC94	RIPK4	CYTH1	IQSEC2	C5orf45	DYNC1I2	ARSE	SLC22A18	MRPL14	ANKS3	WDR59	C17orf75	SLC4A2	TMC4	DENR	GRINA	CLUH	MUC12	CSE1L	TMEM218	VEGFB	CLASRP	RFC2	PPIE	ECE2	CRIPT	ATP9B	HADHB	PIGK	DKK3	PPARG	CROT	ERC1	CDYL	NUDT9	BAZ2A	RAD51C	RAC3	LMO4	JUP	ACVR2A	FAM154B	MRPL12	PHF10	VCPIP1	CD58	EHD1	ANKH	ENKD1	HLA-C	ALG14	CLNS1A	SLC20A2	CMTM8	CNN2	GPX4	MPDU1	FBXO6	KIFC3	DNASE1	CEP57	C5orf56	GLA	KIF3C	ANKRD26	TARDBP	MIOS	SETD3	NSL1	LRRC58	MEGF9	SLC35C2	BLCAP	RPS17L	CDC40	FAM188A	OGFOD2	KLHL12	ACTA2	GEMIN7	LY6E	GSTM4	ACTN1	KRT83	LAG3	ST13	EPN1	CACNG6	TMEM209	PCID2	ANXA13	MARVELD1	AHNAK2	AIG1	HSD17B8	NKAIN4	FES	CPNE8	MVK	LUC7L	LMAN1	AARSD1	ISG20L2	HPS6	OSGIN2	RUVBL1	C2CD2	POLR3H	SMPD1	DDB2	GTF2H2C	AACS	DPP7	AAGAB	SF3A2	PKMYT1	MSC	PODXL	PSAP	ENDOV	ERP29	EXOSC3	ATP6V0A2	ANKRD13A	CSNK1D	UBXN7	ARHGAP30	KLHL18	FLJ27365	PDE8A	EFCAB2	APOL1	IFI27	TAGLN2	ATAD1	TNFAIP1	GAMT	ABCF2	PBRM1	PSME1	NEDD1	KCNJ14	MIF4GD	AFMID	MLLT10	HGSNAT	MALL	NUAK2	SERPINB6	FKRP	SAAL1	CLIC4	ELF2	HELZ	CAMSAP2	GJA1	TMC7	METTL23	SKP1	TKT	TMSB4X	UCHL1	TMBIM6	UBC	PRMT1	XRCC6	VDAC1	TMSB10	PFDN5	PTGR1	TUFM	TECR	TPM4	RHOA	YWHAB	SSB	SDHC	TRAPPC1	SPINT2	UBA52	HINT1	UFD1L	TP53I3	UQCRC1	NUCKS1	RAC1	PON2	SRSF2	UQCRC2	STX8	SEPT2	RSU1	PSMC5	SSR4	IGFBP4	TCP1	TAGLN	RPN2	SNRPD2	KDELR1	SLC38A2	PPA2	CLPTM1	SPP1	TYMS	PPP2R1A	NELFE	TSPO	WBSCR22	LGALS3	TMX1	PSMA1	LAPTM4B	TRAP1	SON	PLOD2	EFEMP1	HM13	PHPT1	PTPLA	NDUFA10	UGDH	TAF7	TSPAN4	RNASEH2A	SSRP1	PDIA4	SUCLG1	TOMM5	NDUFA13	HSPB1	NDFIP1	WDR1	MRPS16	PCBD1	PON3	SUCO	MRPL48	SERPINE1	PSIP1	UQCR11.1	PFKP	OS9	VDAC3	MAGED2	PLA2G16	TOP1	PFN2	RNF168	YBEY	SEC11C	PLEK2	ASNA1	WARS	TOPORS	THOC7	SUCLG2	TMEM14C	MANF	LRPAP1	FEM1B	LIPA	TP53RK	PHF14	PSMF1	WDR18	SPA17	CENPM	SIAH2	PAIP2	PTPLAD1	URM1	SPTBN1	MFSD2A	TXNDC12	SUPT16H	ZNF552	IDH2	WDR47	DHRS7	TMEM179B	TMEM186	VKORC1	TMEM134	ME1	FAM3A	SPTY2D1	SVIP	UBTF	MSMO1	PKIG	ZC3H18	SLC25A39	MMAB	ERP44	FHL2	RSRC2	VTI1B	SPR	YTHDF3	TET1	TMEM59	STUB1	RTN3	TOB1	TAX1BP1	TMEM54	SLC7A7	PTGES2	TSTA3	USO1	LOXL2	POLR3K	MCM7	TTC1	ZNF16	SMYD3	TMEM30A	NDUFA11	PTRH2	TK2	PPIL4	SMKR1	IMPA2	ZNF503	ELP3	JUNB	VPS28	PSMD11	NOP2	SH3BGRL	IGFBP6	FCGRT	CHCHD6	LRP11	H2AFJ	TDP2	ZNF326	IDH3G	HMBS	MGST2	NOVA1	RP11-345J4.5	SSSCA1	LHX2	GSTM3	COMT	FNTA	U2AF2	LEPROTL1	UPF2	SHARPIN	GPN1	TMED10	SEC61A2	TM4SF20	YDJC	ZMAT2	DAP	PTPRK	WDR4	ZCRB1	KNOP1	ZFAND2B	NMRAL1	SIGMAR1	VMO1	MKLN1	TRIM16	NT5C	RAD23A	ZNF593	TSEN15	MED10	GPX3	NT5DC2	NR2F2	MPV17	TRPM4	DHCR7	RNFT1	TMEM243	SCP2	ZWINT	WWOX	POLE2	SNX6	PCNP	ZNF174	WSB2	MCOLN1	IKBKAP	LMAN2	ZNF574	ZNF207	TNNT1	MAP1S	TMEM219	HAGH	PHF23	RCC2	TCP11L1	NME2	DAW1	ZP3	UNC93B1	RILP	TACO1	XBP1	SCARB1	ZBTB18	UTP11L	TESC	TOPBP1	RCOR3	WDR61	TRIM16L	ZNF830	SPATS2L	TXNRD2	YARS	UBE2F	FAM200B	ZNF461	TYRO3	UFSP2	SH3KBP1	OPTN	TIMP4	SPEF1	PM20D2	PSTK	TAF5L	PARVB	SEC23A	SH3BP4	SPATA33	C1orf85	PSMD1	PRAF2	MED7	TMEM109	S100A5	THAP3	VASP	KLHL21	GTF2H1	PCCB	POR	PMM1	PLEKHO2	LHX1	ZNF609	SMIM19	MCM3	UROD	ZNF136	PPP1R11	ZNF639	TUSC1	MEX3C	TOR1AIP1	SLC29A1	PRPSAP2	TEX264	SERINC3	ECHDC1	SPTSSA	LEMD2	GIT1	TBC1D1	RPL7L1	TMED3	TMSB15B	ZNF37A	ZNF71	SLFN5	PLCXD2	TEX30	LMO7	RNPEP	PYGL	PRKCDBP	NUDT16L1	TMEM5	TIMM22	RRAS	TTC39C	RMDN1	ZNHIT1	PTPN9	TTC23	RXRA	TRIM13	UGGT1	VPS26B	SFR1	PYCR1	TFAP2C	YPEL3	PLEKHB2	RPP14	SMPD4	POGK	MLLT11	PGRMC2	VPS72	ZFYVE20	PRKAR2A	STAMBPL1	NRBF2	SDCCAG8	WASH4P	PIGL	POPDC2	TPST1	RND1	SMAD2	PTPN11	WDR62	FIS1	TSNAX	TNKS1BP1	ATP6V1E1	EPS8L2	TSG101	TOMM70A	DNAJC7	RAB3GAP1	RP11-302B13.5	OTUD4	SNRNP40	PBDC1	TMEM140	VPS25	NME7	KDM2B	LTB4R	PEX10	CDR2	DUSP10	PRPF4	TNRC6C	REEP3	PDCL3	ZNF3	PRMT5	SOGA1	FHL1	RHOB	TRPM7	CPSF4	VPS26A	SUMO3	ZBTB43	SRGAP2	NANOS3	LGR4	YIF1B	MICALL1	U2AF1L4	PAAF1	NOL10	SYTL2	SPEN	UTP23	TMCO1	TGFBR1	SUCLA2	ZDHHC9	NOL3	WTIP	TSPYL1	ZNF182	SEP15	TRPT1	POLR1C	WNT7B	RBM19	SNAPIN	NETO2	ZCCHC7	OSR2	TCTA	PHLDA1	ZBED5	IFFO2	RRP9	VHL	TSPAN9	UNC45A	MAFG	SLC35E3	PDCD6IP	NR0B1	SLAIN2	ZEB1	GSS	WDR48	VPS53	RUNDC1	PSENEN	PIGP	PLCB3	EML3	RAB6A	MYLIP	ZNF703	ZNF92	ZWILCH	KDM5B	DYNLL2	CHEK1	NIN	MPLKIP	GMDS	MGAT2	QTRTD1	ZBTB2	RBFA	UBR4	RP11-706O15.1	KIN	FADS3	RNF114	TRIML2	C16orf45	VPS37A	SGCA	SYT13	ZC3HC1	FAM219B	NEMF	SNX27	SS18	MCRS1	PDGFD	PIGF	PLOD1	RUSC1	SLC25A26	SLN	VPS35	INIP	ZC3H12A	DCTN1	CD164	TBX19	GALE	TP53	TRMT2A	RGS17	NSUN2	ZNF131	TSPAN2	VOPP1	UBE2O	CXXC1	RNF170	RBM26	TUBGCP4	NCAPG2	TMEM98	GLIS2	SELM	THOP1	LRP1	SURF2	OBSL1	PNPLA8	SMARCC2	PTTG1IP	USP7	MCFD2	GPNMB	TMEM50A	NAA30	RP4-758J18.2	MAGEA6	ISCA2	TTC32	THOC3	UBXN6	TMEM222	TOMM34	YAP1	PPRC1	EIF2S3	SWSAP1	CRCP	NUP88	REPIN1	NT5C2	TRABD	SZRD1	GFPT2	PPP2R5D	TMEM167B	DDX19B	PRPF39	RGS14	GFM2	WDR45	SNX4	MYBL1	EXOSC7	KIF1C	STX18	DNAJB4	TMEM143	SLC39A9	TLE3	TEX40	PIP5K1A	PRPF6	GABARAP	P4HA3	PPP1R16A	UBAC2	MLF1	PRMT7	PRKAG1	SPDL1	ISY1	GPR137	DNAJC25	USP10	SOAT1	RECQL	SMAD4	MMS19	MRPS27	PSMD10	CDK2	CRK	HEBP1	XAF1	SLC16A4	RNF213	NEIL2	SIX4	SCML1	ZNF638	TTF1	TMEM38B	KIF1B	PIP4K2B	GGT1	WIPF2	C8orf76	MED17	PRADC1	STAG2	TUBD1	ZMPSTE24	UBBP4	DIEXF	TAF1D	OBFC1	PPM1B	PPP5C	ZDHHC3	HIPK2	CD99L2	FAM120AOS	TM4SF4	NARF	SLC22A1	SMTN	RALGPS2	CORO1B	IFNL3	LSM10	TBL3	PAQR5	NME1-NME2	ZDHHC24	RAB4B	FSD1	SMDT1	KLHL8	TMEM62	TMEM45A	ZKSCAN5	SLC35B2	RBM45	SIRT1	TM2D1	POLM	SPTAN1	TAF11	TOP2B	WNK1	PQLC3	TMOD3	OAS1	NCBP1	SIX1	LETMD1	CLN6	ZNRD1	MRPS18A	PARPBP	SMIM14	SQRDL	THG1L	ZNF865	MARCH2	MSRA	NMD3	ZNF557	NRSN2	LYPLAL1	MFSD2B	RNF216	SNX22	TMEM159	OPA3	ZNF335	EVL	DSCC1	GLB1	MEF2BNB	MFSD3	NEK6	CTNNA1	ZFX	USP48	DDIT3	STX1A	TAOK3	CD320	UBE3B	GINM1	STRN3	RP13-512J5.1	CMIP	ZCCHC8	NFKBID	WDR25	RETSAT	PPIL3	USP33	VASN	TRAPPC12	RPS6KA5	YIPF4	TTL	ZNF7	CLN5	TSR2	DHX8	TMEM260	ZNF500	TRIM65	CREBRF	WDR54	TEAD2	TIMM10B	VPS51	GPANK1	P4HTM	FBXW4	SLC43A2	TSPAN6	SMG9	MYL5	SCARB2	ZNF280B	HECTD1	SEC22C	NEK9	SLC44A1	RNPEPL1	TNFAIP3	SENP2	HOXC8	NAT14	USE1	PTCD3	ANKRD54	ZNF227	LDOC1	ZNF276
M10	0.193	6.95e-07	MT-ATP6	MT-ND1	MT-ND2	MT-CO3	MT-CYB	COPZ1	ATP5D	MT-ND3	CCDC104	MT-ND5	AGK	GSPT1	IKBIP	MGMT	C2orf68	FBXO42	NFRKB	UBE2E1	MAP9	KYNU	PHGDH	CCNC	ATP5S	FKBP11	C7orf50	MCM6	C16orf98	DNAJC27	CPNE7	AK3	IDS	MT-ND4L	PSMD2	MT-ND6	UFC1	NSMCE1	PCSK7	PARL	TXNL1	RAB4A	UXS1	FAM126B	GFM1	UBFD1	ZNF268	UFM1	C11orf96	RABGGTA	CPEB4	RGS2
M28	0.19	8.04e-07	MT-CO2	MT-CO1	PRDX1	EIF4A1	MT-ND4	NPM1	PSMA7	PSMB6	NME1	PSMD8	BTF3	SLIRP	ATP5J2	NDUFA1	COX7B	KRT81	ATP5G3	COX5A	NDUFB9	SHFM1	PTMA	NDUFB4	PDCD5	SOD1	ERH	CYCS	MYL12B	SNRPB	SEC61G	BOLA3	COX6B1	RAN	HSPE1	RANBP1	POMP	PPIB	FABP5	COX7C	MRPL51	NDUFB1	PARK7	CCT4	ATPIF1	SIVA1	MCTS1	EBNA1BP2	PSMB7	MRPL52	NAA10	ATP5G1	ATP5J	NDUFA6	BANF1	MRPS15	PSME2	NDUFA12	NDUFC2	C8orf59	C1QBP	NDUFS6	MDH1	POLR2G	HSBP1	COX17	DAD1	PHF19	METTL5	ILF2	RPA3	LSM3	PQBP1	PSMB1	CTSL	HSPB11	PSMC4	LSM5	GADD45GIP1	POLR2I	NDUFAF2	ACP1	NHP2	CENPW	DTD1	CCT2	CLIC1	LSMD1	CNIH4	NEDD8	PPP1R14A	MINOS1	COX8A	NDUFS4	PIN4	CALM2	CDKN1A	RUVBL2	EXOSC5	CLTA	KRTCAP2	ATP5I	ANP32B	DDX39A	ITGB1BP1	PRELID1	RPL39L	ARL3	TXN	HNRNPH3	DERL1	NFU1	HMGN1	CDC123	MORN2	NUDCD2	PFDN2	SNRPE	COX7A2	HINT2	ATOX1	MRPL11	H2AFV	PSMB2	CMSS1	EIF3M	MRPL22	PABPC1	PHB	PAICS	SSBP1	LRR1	DYNLRB1	NDUFB6	POLR2J	NQO2	PDZD11	SBDS	SNRPF	ESD	DENND3	C12orf57	CENPN	COA6	EMC4	EIF3G	MRPL28	SNRPG	C14orf2	ATP5L	CHCHD3	SF3B5	NANS	AIMP1	GPX1	COA1	HDDC2	COMMD1	PCMT1	MRPL20	MRPS23	AURKAIP1	ATP6V1F	EMC9	HMGB3	NTPCR	NDUFB3	PSMA4	PSMA2.1	DPCD	BAD	AUP1	NDUFAB1	HSPBP1	C19orf70	ENY2	MRPS35	CHCHD10	HEBP2	PIN1	HAX1	SLC35B1	APOA1BP	MRPL40	CENPH	C17orf89	ANKRD11	GTF3C6	COX11	TBCB	EIF4A3	MRPL13	NRP2	C11orf48	EIF2S1	RBMX	GDI2	AEN	GINS2	RPL26L1	C19orf60	MRPL33	PIH1D1	FAM136A	CHST10	BLOC1S1	MFF	NCLN	RNASEH2C	CD44	FAM162A	PNPLA4	LCMT1	AAMP	NAA20	CCDC167	FGD6	PCGF5	C11orf73	ACOT9	GPN3	C9orf142	MOCS2	DYNLT1	MMADHC	PREP	AK2	CTGF	DKKL1	EIF2S2	IFT43	C4orf3	C15orf40	PSMD14	CNFN	LSM2	NPM3	TPRKB	MRPS18C	PMAIP1	BCL7C	GCSH	COA4	FAM177A1	IGDCC3	PNKD	MRP63	FAM46A	EMC6	KLF13	NIPBL	FAM214B	COL27A1	AP1M2	RGS10	FARSB	GNA12	C7orf55	APTX	ARMC10	PPIH	FLOT1	CTNNAL1	MRPL4	IP6K1	ANKZF1	GTF3A	HSPA13	CCDC18	DUSP4	ARV1	ELP5	C11orf57	AASDHPPT	EVA1A	HSPA9	DRG1	GMEB1	NDUFA3	PPM1G	RBM42	NUAK1	HRAS	BDP1	DERL2	AK1	SSU72	TSFM	SNRNP25	KANSL1	DERA	ACSL1	CREM	DUT	COPS5	CISD2	FDX1	RGS3	GOSR2	CMC2	DYM	PRPF31	MRPL23	MPG	CHCHD5	HINFP	PHF12	NRD1	CEP135	SAFB2	SGCE	RP11-210M15.2	ABCC5	ANKRD39	ARID5B	GOT1	GPBP1	C1orf123	SLMO2	LAGE3	BDNF	ZNF566	EIF3D	LRWD1	PTMS	C1orf131	PDLIM2	POLR2L	SNF8	PSMA5	CCDC6	ISOC2	ANKRD1	GLTPD1	CLDN15	ORMDL2	HSPA2	OTUD7B	CDK7	EMD	LMCD1	BARX1	SLC22A3	HES4	NABP2	NDUFA8	BCL10	SPCS3	ZMAT5	C21orf33	SMIM11	NET1	NDNL2	MAP2K6	PHLDB3	PET100	MRPS10	BCL3	GRAMD1B	CDC42EP2	ITGA7	PLEKHO1	GSTZ1	ETAA1	NFKB1	MED27	HERC4	CMTR2	DMXL1	COPS8	RBL2	MTIF2	CRIP2	KBTBD2	ARMCX6	GNG11	RPUSD3	COPB2	ATP6V1D	FAT1	CHD7	C3orf14	GTF2H5	MED28	FJX1	NOMO1	SYCE1L	OARD1	MTSS1L	MROH8	ZCCHC17	MAPKAPK3	GTPBP4	SEZ6	TMEM220	ARPC4	SLC27A5	ABLIM1	BAG6	UQCRB	RPS7	NASP	IAH1	DPY19L3	GLUL	ALCAM	AL591479.1	C6orf141	BTG2	IVNS1ABP	RNF113A	RNASEH2B	RAE1	PITPNB	AP4M1	MFHAS1	HNF1B	MTRNR2L8	PFDN1	PRX	HERPUD2	ASGR1	ARFGEF1	MIER1	NUBP2	PHIP	AAR2	RHOG	CTR9	NPLOC4	PRKRIR	ATF6	LA16c-431H6.6	TBC1D4	FAM207A	C5orf30	OCIAD1	MLLT4	SKA2	SNX2	HEATR5B	RNF167	NF1	APITD1	PAK1IP1	YPEL2	POLR1E	SMIM6	ATP6V0A1	HORMAD1	MCUR1	IER2	SMARCC1	MSRB2	NAB2	NCKAP5L	CRAMP1L	GLP2R	NOL7	CKB	CERS5	CFL2	EIF4ENIF1	SCAMP4	ADM	AKR1A1	COG4	APEH	C19orf24	QDPR	RXRB	PRKCE	IFNAR1	CDC23	PUSL1	NKTR	ERO1L	POLRMT	ANGPTL4	DST	HIC2	PPDPF	SETD5	MATN2	CUL4B	HSD17B14	AC090186.1	CC2D2A	PLAA	C5orf24	SMG1	FUS	ADAM17	PLEKHM2	PDE4A	HIAT1	CD2BP2	RAB34	ERN1	MPC1	ADIPOR1	CIB2	AP2A2	OASL	PLEC	MRPS36	UBE2V2	CAMKK2	DCPS	FRG1	PPFIBP1	AP1S3	DPH7	NPAT	FAM178A	COQ5	IL6	GALNT13	PHF15	FRG1B	EXOSC10	MAPKAPK5	CLK2	ELOVL6	NLRC5	EGFL7	TNRC6A	SMARCB1	DPH5	CDC42EP3	SEC61B	AZIN1	CSTF3	PLEKHM1	TMEM251	WHSC1	NPDC1	PHKG2	ARL5B	POLR3G	IRF9	KDSR	KANSL2	MACROD1	POLK	SLC52A2	NCS1	IGF2	LYN	ARHGAP27	ATG4B	TRAF2	EFNA5	ANXA6	ICAM3	ATG13	KLF11	KIF9	MITD1	CPD	PIGH	SEPW1	BCAS3	POU2F2	NLN	POLR3GL	TFF1	IL17RC	ENTPD4	CPT1C	CUL1	LEPRE1	SETX	AAMDC	AVIL	CYB5D1	KIF18A	ERI3	E2F3	SLC38A6	ARIH2	C19orf52	UROS	NUDT6	PTDSS1	EPC2	MRPL15	SRSF5	ARMC1	EXOSC8	MPRIP	CHD4	DOT1L	BET1L	PACSIN3	SAR1B	KIAA0930	MGAT5B	GCNT3	DGAT1	WBP1L	C19orf47	EDEM2	FDXR	AP1S2	NDUFAF5	TSPAN14	MDK	CTD-2600O9.1	IKBKB	FAM229B	FUCA1	SEPN1	DFFA	PFKL	RAB7L1	FOSL1	LRRC42	DNAJC1	MRPL41	LAMP1	FNBP1	ENTHD2	GPRC5C	IP6K2	MTF1	EIF2B4	DLC1	ABI2	BLMH	POLDIP3	LAMC1	ALKBH4	PSMB10	ATP11C	LAMTOR2	POLR2D	PRRC2B	TES	GPX8	CSAD	HBQ1	LGALS8	PPFIA1	PBXIP1	ALOX5AP	DDHD2	ILVBL	ME3	ING3	IVD	C11orf1	CCDC74B	NMB	INTS1	DLL3	GTF2F2	CCBL2	VIM	TXNDC17	VDAC2	PPA1	SERF2	UQCC2	TMEM147	TIMM10	SAP18	UQCRH	SUB1	TMEM126A	UBE2I	TCEB1	VPS29	TMEM258	SDHB	YWHAE	SPCS1	SNRPB2	PSMC1	UBE2D2	SOX4	UCHL3	SPCS2	OLA1	U2AF1	CSTB	ZNF394	NUCB2	SRA1	UBE2N	TOMM22	RBX1	PSMD13	UBE2D3	TIMMDC1	TXNL4A	RBM8A	ZNF668	RNF181	PSMB4	ZBTB8OS	UBXN1	CREG1	USP32	STRA13	WDR34	ZNF121	KXD1	OSER1	UPK1B	SNRPC	TATDN1	FDFT1	TIMM13	RPS6KA1	TROAP	RNF217	NSFL1C	SEC13	SLC25A33	WASL	TMEM160	NDUFC1	EDN1	TRAPPC2L	TWISTNB	EBPL	TIMM17B	ILKAP	ZNF398	ZNF664	ZC3HAV1	TMEM141	DCTN6	GADD45A	TMEM167A	PDCD2	ZNF654	KIF16B	TP53INP1	PSMC2	MAGOHB	GOLGA4	TMEM208	ZNF354A	SNRPA	PGAM5	TFDP1	XPO1	CYB5A	YIF1A	ZDHHC12	SAMD11	ZBTB33	TUBB6	ZBTB24	SRC	RABL6	TGM2	NFKBIB	ZNF212	TAF6	USP15	UQCC1	TNNI3	ST6GALNAC6	TCEAL4	STYXL1	NT5DC3	HUWE1	ZNF259	TRIM41	NXN	MLF1IP	NBAS	PIGS	RBM18	SMIM13	ZNF211	FBXO32	EIF4G1	NDUFA2	POMGNT1	TNFRSF1A	IFI16	RPF1	ZCCHC6	FAM168B	ZNF84	TMEM223	NRGN	TANC2	ZDHHC4	ZMAT3	SLC25A22	NUB1	SCN1B	SLC2A3	USP36	SLC5A6	MRPL32	TGFB2	RAB3B	WDR43	MSRB1	P2RY6	URGCP	FLCN	ZNF513	SDCCAG3	SCOC	SNX5	PLXNA1	NUPL1	SDHD	PRKRIP1	THSD1	UTP14C	TCEAL1	SNAP29	WDR13	NTAN1	SETD2	MTMR2	VPS45	SLC4A1AP	ZNF292	RIPK1	SLC30A1	ZNF24	TAB3	CHMP2B	PRMT3	ZSCAN32	RP11-41O4.1	SPRYD7	ZFYVE19	ZNF330	TTLL5	STX2	TMEM99	MTA3	FLYWCH1	SEC24D	SYNM	NPRL3	SRRT	POLR3F	ROGDI	SFT2D1	SBF2	PHACTR4	RIOK2	WDR26	GABRB3	SMEK2	NUBPL	ZCWPW1	MYO15B	ELF3	RINT1	TRIM56	PPID	RSAD2	RALGDS	FADD	XRCC6BP1	RGS16	SPRED2	TMC6	TCAIM	LRRC8A	NAV2	TMUB2	HNRNPLL	DGCR6L	TAF9B	TNS4	SCFD1	FGFR1	RRP8	TUFT1	SPAG7	SCRN2	FAF2	LRFN1	KLHL42	ZNF281	ITPA	NTMT1	RNF40	SNAPC4	ZNF529	SAMHD1	TAF1B	PPP1R3F	PCGF3	USPL1	NKIRAS1	SETD7	TTC38	ZNF404	CD81	HIST1H2BJ	MRPL1	TUSC2	PLEKHJ1	IFT88	PDE6D	NR3C1	USP3	VPS4B	NPIPB6	SLC25A37	SULF2	ITFG2	RPA3-AS1	SLC38A7	TMEM41B	MRPS18B	FAM173A	IFNL2	C7orf13	GPR107	RAB33B	TOR1AIP2	NTHL1	OTUB1	RSRC1	CNPPD1	SEPT6	ZFP36L2	ITGA3	SMC6	TESK1	UBE3C	GTF2E2	RELB	PARP16	SGK1	SPTLC2	NUDT19	GPR126	RNASET2	DLST	SIRT6	RDH10	NADK2	UTP14A	CRYZ	ZCCHC9	TBXAS1	IQGAP1	PCOLCE2	WSB1	FIGN	PRKDC	TLN1	WDR6
M36	-0.117	0.00489	H3F3B	CCDC59	PCNA	CKS2	C12orf44	HERPUD1	EGLN2	RAB1A	ARPC5L	GDF15	FAM103A1	BLOC1S2	DDIT4	DKK1	DBF4	STARD7	C1D	MORF4L2	ANKRD12	TRAF4	CHTOP	NOB1	CCND1	SLBP	MBNL2	TM4SF1	ARF6	CHD2	TARS	TIMM17A	ARGLU1	FAM96A	MAP2K3	C1orf109	COIL	SS18L2	AKIRIN2	ESF1	MTDH	HNRNPA0	MRPS26	EIF3J	CHCHD1	CDC34	GGNBP2	PPIF	PYURF	BTG1	CWC15	SDHAF1	KIF5B	DNAJB1	HNRNPF	TERF2IP	NPTX1	RALGAPB	LUC7L3	PNO1	DHX33	BRIX1	MAX	PDRG1	MAD2L1BP	DDX3Y	PNISR	CYR61	RBBP6	FOSB	UBALD1	PLK2	ERLEC1	CCNE1	ARID4A	CDV3	KIAA1551	MLEC	IKBKE	MAFF	CAPRIN1	RIF1	FBXO7	CEBPG	ASNSD1	BRSK1	CCDC127	SBNO1	POP7	INTS10	FUNDC1	PAPD5	PNN	FEN1	GPRC5A	MAZ	IER5	METAP2	C15orf61	GMNN	DHX9	KAT7	SCAND1	RNPS1	B3GNT2	FAM129B	TSSC4	MAP3K2	CDKN1B	MKNK2	NCK1	ARL4A	TBC1D8	MICA	ITSN2	PITX1	ATXN7L3B	MAP7D1	MESDC1	MOB2	FAM57A	CASP2	SLC16A1	PMP22	SERTAD1	SRP19	ARFGAP3	COPS2	SLC25A32	LCOR	RRS1	DCTPP1	DDX18	RBM25	APOO	PCM1	NR2F6	EPAS1	BIRC6	MRPL34	PARP2	FBXL15	ARMC7	DHX57	C9orf69	DCP1A	MESDC2	G3BP2	PTDSS2	ITPK1	SMOX	DUSP3	ERBB2	CEBPD	MKRN1	CELF1	PPP2CB	HIST1H2BC	EHBP1	PPP1R3E	NOL11	RAB40B	NDUFAF4	PDSS1	TPR	AKAP9	ACBD5	ARL4C	TRA2B	NAB1	GOLGA7	PHACTR2	PCF11	JUND	DAG1	TRERF1	GAR1	GIGYF2	MARCH9	PIGC	MRPS2	ADO	CCDC86	TNFAIP2	KRAS	CHURC1	MSL1	GEM	COX15	AZI2	MAGEF1	CCDC88A	TMEM9B	C1RL	IFT20	BCL7B	HOOK3	FBRS	ACAA1	PSMD6	HOXB3	PRPF38B	MRPS5	BAG4	LARP4	LRP6	C8orf33	ID3	C14orf119	CDT1	TFB2M	KIAA0947	RNF139	PRKD2	SIL1	ARMC5	HOXC9	ARRDC3	C19orf25	ANKRD28	RSBN1	CTTNBP2NL	MIEF1	DHODH	AKAP10	C16orf62	LRRFIP1	SETD1A	ANAPC2	RAF1	RAB14	GSPT2	ETS1	HES6	ISCU	NDFIP2	MAP4K3	NIP7	DCAF15	SLC25A38	ARHGAP23	AAED1	DOK4	KLF3	PCED1B	KLHDC8B	CNOT4	EIF4E2	TSC22D2	EIF2B1	COX10	RP11-468E2.4	ARHGAP12	EPCAM	CACNB1	ZFP91	HPS4	PNRC1	GNA13	MRPL44	PPP4R2	GULP1	SGMS1	PJA2	PPP1R2	GUCD1	CCNK	AMFR	CIR1	CCNT2	BPTF	NAA16	MRPL46	TRAPPC3	DSTYK	THAP1	TMEM11	TMEM2	C16orf70	CDK6	GLOD4	MEN1	GAK	SDPR	C7orf55-LUC7L2	BTG3	DCK	FOXC1	CNP	GCLM	PLIN2	SF3B1	ZNF580	ABHD5	GOLPH3L	DTX2	RIOK1	RSF1	NIT1	AKIRIN1	KIAA2026	FBXO11	BET1	ATG4D	EID2	CDC45	GRB2	MID1IP1	C7orf61	PPP2R5A	MBIP	MYC	VCPKMT	HPS3	CHD9	TANK	ATXN7	KCTD3	C10orf88	BRAP	FZR1	AKT1	SCAF11	CREB3L2	REL	RFWD3	NANP	CITED4	TBCC	BRD9	LGALS9	PAF1	LONP1	SMC3	FAM171A1	R3HCC1	MCM8	NUP50	MED15	DHX38	MRPL10	DHRS12	CCDC174	DAP3	KIAA1715	RBM4B	CLDN12	CBX8	AP5S1	ADCK2	ELK1	RALA	BFSP1	MLXIP	KHK	AP1G2	TEX14	AGO3	CCAR1	C16orf91	AGER	TRIM11	ITGA2	CPSF6	HAUS8	SYS1	MRGBP	RYBP	ESRRA	KMT2E	SESN2	CHMP4C	UBE2H	GPC1	BTBD2	SREK1	C6orf136	DYRK1B	RNF14	EREG	PUM2	IER5L	MYO1F	C16orf59	PRTG	FGFBP3	PDE4D	ZBTB8A	PSMD12	VEZF1	AP4E1	TRMT5	PDCD7	ANKFY1	TGS1	PDCD6	TRIM28	DNAAF2	SNRNP48	C17orf51	PDGFA	CHSY1	WDR83	C3orf58	PPM1A	CTDSP2	CKAP2	C11orf84	ACAD9	MAPKAPK2	AKT3	AHSA2	CREBL2	MAFK	GOPC	NR1H3	DMWD	MTFMT	MB	DOCK1	ARHGEF19	ABT1	PDPK1	DHX37	CEP78	LTV1	WBP11	ALDH9A1	CSGALNACT1	APOL6	ELP2	BIRC2	PPP1R37	RFK	DDR1	IFIT1	SEPT8	ADAR	RAB22A	GTF3C4	GALNT14	ENTPD6	TFAM	KLF16	SEC24A	DNAJC9	CAMK2D	DDI2	MSANTD3	COQ10A	PCMTD1	FAM172A	DOCK10	AHI1	BNIP3L	POM121C	LANCL1	TANC1	C15orf39	EIF5AL1	PMPCA	C2orf43	TRIAP1	INPP5E	BTAF1	ALAS1	VTA1	SART1	BNIP1	TGFBRAP1	SHOC2	DPH3	AGAP2-AS1	POGLUT1	CDK12	PEX11B	HMGCL	MARCH5	APPL1	HERC2	ZFYVE26	DDX23	ARID4B	CACNA2D1	ATL2	MARS	NARG2	PHC2	MCAT	N4BP2L2	IFIT3	RBAK-RBAKDN	EP400	RNF145	ANKRD10	FAM114A2	C20orf196	DNM1	MCCC1	THEM4	DUSP8	LEAP2	SDAD1	HAGHL	AP2A1	MED25	CCNL1	CWC22	RAP1GAP2	SLC1A5	MFAP1	CYB5R1	RBM41	AJUBA	NXT1	IMPAD1	TROVE2	ATXN2	MIER2	OGFR	YY1	YTHDC1	UQCRFS1	YWHAH	WDR45B	VAMP2	U2SURP	HOXC13	SUPT5H	TDRP	TRAPPC4	TSC22D1	YTHDF1	YTHDF2	RNF20	TNFRSF12A	UGCG	ZFAND5	KIF20B	YPEL5	UBE2K	PHAX	KPNB1	WIPI2	TMEM65	SNRPD1	NKX2-5	RGAG4	SLC39A6	ZFP36L1	MIDN	SHB	UBTD1	TOR3A	RSBN1L	PCGF6	NELFA	MAT2A	WTAP	RP2	HEXIM1	RUFY2	TSEN54	IMP3	ZNF148	MAP4K4	TGIF1	SAFB	NUP93	SOX17	WHAMM	ZFYVE1	ZNF800	MAEA	ZBTB38	TADA3	ERLIN1	TRMT6	USP47	TCEA2	RAB5B	TMEM259	ZDHHC5	SLC33A1	ZNF780A	HSPG2	NCOA1	TMEM70	TRIM27	SYF2	WDR3	RRP15	HEXIM2	METAP1	SLC35G1	RPS6KB1	PVRL1	PPP1R35	TMF1	TBC1D12	ZBTB1	TMEM121	RBM17	ROCK1	UBN1	RAD21	SNRNP27	FOSL2	UPF3A	SRGAP1	SDF4	PPM1D	NTN4	TCF7L2	CCL3	TNPO2	TTC19	SOWAHC	RBM39	NMI	SRP54	XIAP	NUPL2	UBE2G1	SLC22A5	ZCCHC3	PRAME	PRRC2A	PLAUR	RPA2	PI4K2A	STK4	WDR66	TMEM170A	SH3RF1	TRIB3	YRDC	STAM	NACC1	SNX11	MFSD11	SLC41A1	PITHD1	VPS18	UBLCP1	PROSC	DOCK7	SNAP47	MRPS25	ZNF140	KIF3A	VPS37B	TYW1	HSF2	PRPSAP1	NBPF10	IFRD1	STK17A	PURA	LENG8	SART3	NEK7	ZRANB2	TTC37	TRIP4	NRP1	TRABD2A	TMCC1	WDR76	GOLGA8B	SPAST	LARP1	TP53BP2	GSDMD	TMEM55B	KPNA4	MIS12	TMEM203	RNF185	RPS6KB2	RPGR	ZNF768	MYPOP	WAC	KIAA0196	ZNF579	USP22	YY1AP1	PRR5	TMX3	WRNIP1	TWF2	KIDINS220	MEF2A	SURF6	ZNF641	ZNF266	HHEX	MED8	VANGL1	RNF121	STK40	SRCAP	UBE2Q1	NIPSNAP3A	USP14	MBNL1	ZNF480	VGLL4	MECR	TAF3	ZSCAN29	RRAGC	PTAFR	TPP2	MORC4	MMD	SPATA2	PTPLAD2	SPECC1	DOHH	ZNF526	REXO4	UBN2	PEX14	WDR35	PRPF38A	ZNF567	NR2C1	ZC3H14	WWC1	SCML2	SMPD2	TRAF7	EWSR1	SPPL3	MTPAP	DYNC1H1	WHSC1L1	VSTM2L	MEPCE	ZNF706	ZSWIM7	SERTAD2	UCK2	PAK4	SLC6A6	RASEF	TIMM8A	PDK2	RECK	MARCH6	HMOX2	MPST	DNAJB14	ZFPL1	ERCC3	SPTLC1	UBQLN4	ZNF226	UBE2Z	THY1	STAMBP	SAMD1	MSL3	SLC25A19	PTRF	PARP9	PAPD4	ZFYVE16	RHEBL1	C2orf47	LEPREL4	LARP1B	TRIM47	NUP188	KBTBD7	TMEM161A	IRF2BP2	VAV1	CEP164	COQ10B	REEP1	KIFAP3	TMEM177	STK3	HERC6	SMAGP	SYP	RERE	TMEM18	POC1A	RNF207	EXOC3	YEATS4	NUP160	WDFY2	PDXDC1	TRMU
M37	0.154	9.35e-05	CXCL2	CXCL1	CXCL3	HOXA10	CWF19L2	C8orf4	CXCL5	KIAA1429	ABCA5	EIF2AK4	INO80D	B4GALT1	IL8	DNMBP	CCL2	NBN	KLHL15	NFKBIA	KIF2A	RNF6	SLC7A1	NOP16	EIF2AK3	MGAT1	NPRL2	MAP3K3	MRPS30	PHF6
M46	-0.109	0.00916	DDHD1	ATG14	FEM1C	SOGA2	CUL3	ST7	ANAPC10	CCNT1	ATXN2L	DNAH14	E2F5	B9D2	IPMK	WDR33	TRIM21	ING1	TUBGCP2	SUV420H1	PCTP	MLK4	UBR2	TNS3
M143	0.159	5.27e-05	RPS2	RPS12	RPS19	RPL12	RPS27	RPL18A	RPS20	DSTN	RPLP2	RPS21	RPSA	CALM1	RPL35	RPL22	HMGA1	HNRNPD	ETFA	RPL36AL	GHITM	RPL36A	HNRNPM	ANAPC11	NME4	GLRX	CHPT1	MLF2	PRPS1	ACTR3	PTS	POLR2E	NBEAL1	NSMCE4A	HTATIP2	MSH2	RER1	DFNA5	CDC42	NONO	RNF5	ARPC5	NDUFV2	KATNA1	GMFB	LXN	SRI	ISCA1	PINX1	PDHB	PHTF1	MINPP1	FIP1L1	PLGRKT	DEGS1	CYB5B	MVP	PARD3	RBP1	ATF7IP2	ARL2	C17orf53	DCXR	IMPDH1	PSMB8	IRF3	IDI1	AP3S1	FAM92A1	LYRM5	C9orf89	B3GAT3	MED4	DNPEP	RBFOX2	CXorf40B	KIF18B	CCDC85B	SRP9	C12orf5	CHMP5	MOB1A	HNRNPUL1	INTS6	BBIP1	CSNK2A1	LEO1	C9orf41	EMR1	FERMT2	EML2	CDK5RAP3	C11orf86	C14orf1	HACL1	ARHGEF9	SLC36A4	DHRS4L2	DMKN	LONP2	NGEF	RSPO3	CORO1C	LYRM4	KLHL9	CCNG1	CANT1	DNAJC8	CSAG1	CDCA4	PNKP	TPT1	NUDCD3	NELFCD	RBM23	SKIL	ACAP3	IFT52	GPRC5B	ADRBK1	RAB11B	ALKBH6	ERRFI1	ACSF3	RBMX2	CCDC102A	PNPLA2	GMPPA	CNTNAP3B	ALG5	IQCB1	SLC35B4	TCERG1	C8orf44	MTRNR2L12	CYP2S1	DVL1	GNB5	BCS1L	RNF4	CSNK1E	SLC9A3R1	HSD17B1	ARMCX5	MTL5	KLHDC4	MAP2K1	MAPK3	PDE7A	UBE2B	CHD1L	NEU1	RC3H2	BCAP29	NBPF1	NR4A1	OGDH	CDK5RAP1	CHAC2	MCEE	TMEM106A	AC024940.1	CASK	AC135178.1	CD70	PDCD11	MAP7D3	FBF1	MED13L	BCAS2	LMOD3	SPOP	CDK5RAP2	RAB3IP	RPS28	RPS29	YBX1	RPSAP58	TBCA	XRCC5	SMS	SEPT7	SUMO1	UBE2L3	TCTEX1D2	WBP2	TMEM14B	MEA1	RWDD4	RNH1	STIP1	TPMT	UBXN4	SPRYD4	SARNP	SSR1	TSSC1	THYN1	GFPT1	RRP7A	TXNRD1	SRD5A1	ZNHIT3	SOD2	NDRG3	ZNF581	TIMM8B	RND2	SQLE	SERPINB9	LEPREL1	ILF3	WDR77	SP110	SHMT1	SLC26A6	FAHD2A	PIGB	SERPINB1	VPS41	TCF12	SYDE1	TAF8	RABIF	TSR3	ZNF544	MYO5B	PGGT1B	TYW3	WDR12	METTL21A	TEN1	SEPHS1	ERBB3	SESTD1	LATS2	PKD1	VAPB	TULP3	MON2	SPPL2A	PLCB4	PCNXL4	OAT	WRB	TMEM64	HLX	PLAGL1	SMAD5	MYEOV	LRP10	YIPF1	VSIG10L	TMEM216	CYFIP1	RMI2	MARC2	RHBDD3	NFIB	SAP30BP	NOL6	ZNF688	THOC5	SAMM50	POMZP3
M157	-0.098	0.0214	ODF2L	GSTO2	DTL	DPY19L1	LZTS2	LRRC69	CD14	ZNF12	TMEM128	TMEM86B
M173	-0.122	0.00315	AIMP2	CCDC97	ARHGEF2	KDM3A	BATF2	METTL8	FN3KRP	MAD1L1	HBS1L	KMT2D	SOCS4	PXDC1	SSFA2	NME6	ZNF302
M208	0.347	0	ANXA2	ENO1	ALDOA	NQO1	KRT18	ACTB	ALDH1A1	LDHB	PKM	S100A10	CFL1	HSP90AA1	CD63	MYL6	AKR1B1	GAPDH	AKR1C2	NDUFA4	GSTP1	S100A11	COX6C	PSMB3	ANXA1	G6PD	PPIA	CACYBP	ARPC3	KRT7	PGK1	AKR1B10	S100A4	ATP5B	PFN1	HSP90B1	UBB	CCT7	BSG	AKR1C1	MDH2	MGST1	CLU	COX4I1	HSP90AB1	C14orf166	NDUFB11	CYBA	COX5B	BLVRB	EMP3	BCAP31	LAPTM4A	EIF5A	COTL1	FAU	MGST3	NDUFB2	IGFBP7	TPI1	CALR	DBI	CSNK2B	CCT5	PEBP1	EIF3I	ECH1	GGH	MRPL24	PDIA6	CHCHD2	ALDH2	AP2M1	CCT6A	RABAC1	CST3	ALDH3A1	COX6A1	DRAP1	ITM2B	CAPZB	HSPA5	NDUFB8.1	CCT3	CTSD	C19orf33	TGFBI	ITGB1	FKBP3	AP2S1	ACTG1	PEPD	KRT8	DNAJA1	PGRMC1	ANXA4	CHMP2A	CD59	FKBP1A	COPE	PLP2	DCTN3	ATP5E	PA2G4	ANP32A	TPM1	FAM50A	FTH1	DDOST	DNAJB11	ATP6AP2	HNRNPC	GSTO1	COPS6	ADI1	ANXA5	ETFB	GLRX3	FKBP4	CCT8	AVPI1	S100A13	HNRNPA2B1	FTL	HPRT1	TALDO1	EDF1	CRIP1	HPCAL1	AGTRAP	MFGE8	P4HB	CLTB	S100A6	CAPNS1	ENO3	GPI	FDPS	EIF6	DUSP5	CTDNEP1	HSD17B10	CAV1	PDIA3	FUCA2	ATRAID	EBP	GLIPR1	CAPN2	GALK1	ARF3	NUDC	PMF1	OCIAD2	PDXK	ROMO1	FAM192A	HDGF	ASPH	B2M	MIF	EPHX1	IER3	CDC37	ECI1	EXOSC1	EIF4EBP1	ITGAE	REEP5	H2AFY	ACADVL	AHNAK	GRHPR	NUCB1	HBEGF	G6PC3	ERCC1	GPX2	ARPC1B	KDELR2	RPS27L	IMPDH2	ANAPC16	GUK1	ACAT1	APOC1	RAB13	PIGT	BCKDK	MYEOV2	TIMM50	ARPC2	NDUFAF3	AHSA1	SH3BGRL3	ACOT13	ATP5F1	HSPD1	CARHSP1	BRE	APRT	IFT27	PYCARD	CMC1	AKR1C3	RANBP6	CISD3	CIB1	ADH5	C11orf31	ASNS	ALDH7A1	NUTF2	ICT1	EIF5B	CREB3	PSMC3	OAZ1	ATP6V0E1	COX20	GNB2	ENSA	MKKS	C7orf73	ERGIC3	ACAT2	C20orf27	KARS	CUTA	HNRNPR	BAP1	CENPK	HIGD1A	SPNS1	RBM3	ADSL	DECR1	CPNE1	COX14	CYSTM1	HKR1	CDA	NENF	ANXA7	CES1	HAUS1	HEXB	ANXA11	EMC3	FAM171B	GOT2	FAM127A	MYL12A	COMMD6	REST	CARS	MRPL37	PRDX5	CTSB	RNF103	MPC2	APMAP	CYC1	HTRA1	DHPS	DDX42	MTCH2	RMND5A	MYL6B	AKR7A2	C20orf24	GRN	CSDE1	ERLIN2	CCDC90B	PGM1	CKLF	DAZAP1	MTX1	BID	OST4	S100A3	HSD17B11	ARL1	NIPAL4	CCND3	COX16	HEXA	CCDC91	GSTK1	FKBP2	RBM4	PRRC2C	ABCG2	CCNI	ARF4	SRP72	MYL9	C2orf82	PDLIM1	ATP6V0B	EMC7	PSME4	CREBBP	EPRS	CCS	CACNG8	FKBP8	CSRP2	ADRM1	SPAG16	CYB5R3	ADSS	TRMT10C	LAMTOR4	CMPK1	FEZ2	ALDH3A2	FAM160B2	SNX17	CHORDC1	FAM122A	BRK1	ACAA2	C1orf52	SLC51B	SLC22A18AS	FLYWCH2	FGF23	CRELD2	CWC27	GLO1	CDK16	ABHD14B	PDHA1	IDH3B	KDELR3	TIMP1	FIBP	CD3EAP	PRSS3	CBL	NOSIP	PMM2	C10orf137	PFDN6	ANKRD49	EID1	C11orf83	DLX4	FBXL19	SDSL	BCAS4	DDX24	TMEM205	C17orf96	CASP10	DNPH1	PLS3	MRPS12	DBNL	DCTN2	DDR2	DDT	ATP1B3	PDAP1	TAF10	CDK5	DDRGK1	ARHGEF12	CCDC53	SIRT3	DR1	KMT2B	CD151	MFSD10	CHERP	NDUFS7	KANSL3	CAMLG	MRPS21	CCSAP	MRPL42	BLOC1S3	FAH	AIFM1	NDUFA9	CTXN1	IGFBP3	JMY	RHOC	DCP2	TARBP2	ASCC1	LNPEP	CDC42SE1	EPB41L2	GSTA4	COMMD8	PARVA	CSRP1	FGFR4	HGD	CHID1	ARID1A	TPGS2	PTPN6	CADM1	HMGCR	KTI12	SPARC	PHLDA2	TPM2	CBX4	SURF1	AKAP12	PDLIM7	COQ6	PROCR	FBXO17	GPATCH2	HSPB8	RFC5	CDR2L	C4orf27	MAPK6	ATF3	RALB	PDE4B	CACTIN	ETNK2	MTX2	ILK	HUS1	PCNX	FTSJ1	CTNNBIP1	C11orf82	ECSIT	PRKAB2	RAB32	NARS	TM7SF3	ADA	PRCP	TMEM256	PPFIA3	GPM6B	IDH1	PYGM	LRFN4	BECN1	HDAC2	NPPC	NGFRAP1	CD47	CNPY2	CDK11B	AP1M1	LGMN	GPR108	MANBAL	RNF26	ARL2BP	DEF8	ABL1	AMZ2	ANKIB1	IRS2	ACTL6A	RTN2	COL18A1	NRDE2	FAIM	AIFM2	ARF5	MRPS7	NDUFB7	OSBPL8	QPCT	CTU2	LEMD3	NUDT5	MTHFD1	OSBPL2	DCAF5	OXLD1	ALG8	IFNGR2	CBX5	SERINC2	MAP2K2	METRN	DMPK	C2orf69	FADS1	BCL2L11	MPP6	PDP1	MTMR14	PKN1	EAPP	ERICH1	GAN	RBBP4	AQR	COMMD9	ANTXR1	COMMD4	FBLN1	MXRA7	DAXX	PGM2L1	USP42	DARS	RNF219	PTOV1	ORAI1	EAF1	CTSA	TM9SF2	PDPR	ISL2	CEBPZ	ARL6IP6	EMC10	ATP6V0D1	ERI1	MICU2	MAPKAP1	CALD1	KHDRBS1	KCNK1	C9orf16	E2F6	S100A2	BTBD7	LACTB2	PIM3	HCN2	PSMD4	SCCPDH	NDUFB5	COPB1	COMMD10	E2F4	AES	NAGK	CAMTA1	EIF3B	GON4L	NDEL1	MFN2	ITM2C	DNASE2	SIPA1L3	C7orf26	TOE1	AHCYL1	GUSB	CCNB2	EMC1	CISD1	EPHB4	KNSTRN	ROCK2	LEPROT	KIAA1324	CDC42EP4	SIK1	C7orf49	TFPI2	IMMP1L	ZNF322	AFP	FAHD2B	GCC2	GALNT2	CAD	STT3B	CPPED1	ARPP19	CCDC107	C1S	RP11-187E13.1	GXYLT1	KCMF1	GEMIN2	NHLH1	ALKBH2	ALG3	GOLGB1	LIMCH1	B9D1	RDX	ASAP1	GYG1	NCOA5	CDS2	PTEN	CXCL16	CCHCR1	PHKA2	ARRDC2	EXOC1	FURIN	PSAT1	SNAP25	PRDX4	SLCO3A1	FLOT2	ATP2C1	COQ2	ASAH1	BNIP2	CEP95	DLD	PLA2G12A	F2R	ACER3	CAND1	CNTROB	IRX3	JOSD2	DAAM1	KLHL20	FAM13B	POLD2	COPS7A	RQCD1	FKBP1B	SMIM20	ASH1L	C16orf13	AC018816.3	AKIP1	PPP1R7	CLSTN1	SLC9A1	CHCHD7	GIP	CLP1	ASL	RAMP2	HABP4	GABARAPL1	SLC39A8	RNASEH1	TBX2	RIC8A	DLG1	EHMT2	RFT1	LAMTOR3	SRD5A3	ABHD13	C9orf114	GOLT1B	APIP	MED30	C6orf1	ATP1A1	BROX	RBBP7	ALKBH3	CNOT2	BRWD1	CALU	SAP30L	ABHD12	ATF5	FAM53C	ACTR10	KLHL5	FTSJ2	TPD52	PPP1CA	HRSP12	C6orf47	C2orf76	EMC8	ANKRD27	CARS2	MMP2	RBBP5	BAG3	ACTR1A	HTATSF1	CETN2	ASCC2	HDGFRP2	NAPA	DDB1	IRAK2	NIT2	AMMECR1	DDX58	CLGN	DNTTIP2	FPGS	UQCRQ	ABCC3	KIAA1279	PBX2	RNF135	PERP	OSTC	BACE2	APLP1	DNAJC11	GINS1	NOL9	HLA-A	COCH	ACOT8	OSTM1	C21orf59	CCDC58	CAP1	MAPRE1	CAPN1	RTFDC1	LSMEM1	ATP6AP1	PRPH	SLC39A3	BAMBI	IL32	TCEAL3	HIBADH	MAPK12	FBXW2	DGCR8	P4HA1	ATMIN	RAET1G	ARHGAP5	EMILIN2	RRNAD1	HOXC6	ARSD	LIF	AFTPH	TBC1D25	MARCKS	MTIF3	MYO1G	ACTR2	PEX12	RBM38	MAP1LC3A	PFDN4	REXO2	EPS8	DRG2	LRRC23	HS1BP3	LIMD2	DUSP23	SAMD4A	CAPN12	IRS1	GINS3	GZF1	DHRS3	FH	HNRNPH1	CMTM6	C18orf56	POPDC3	CEP290	S100A16	RFC1	DESI2	CD55	SUPT20H	RIOK3	GPATCH8	HNRNPA3	FAM195A	PBX1	MAPK8	C9orf37	HLTF	HOXB9	ELMOD3	PAN2	CUX1	IGF2BP1	BIK	C9orf116	MAPK14	CDIPT	AHCTF1	GLYR1	MYO6	CBWD1	CBS	ATIC	PHYH	BMPR1A	HOXA3	C20orf96	FBXO28	ATL3	CLPB	DIMT1	DDX10	FAM210B	GORASP2	GHRL	AGFG1	PALLD	CLDN1	PUS7	LIMK1	GNPDA1	JAGN1	ITPRIPL2	PRR4	DNAJB2	HYOU1	TJP1	POP5	ORMDL1	LARP6	BIN3	SEMA4C	PAPSS1	LRTOMT	CPNE2	STARD3	NOTCH2	ACBD6	NIPSNAP1	AC079210.1	CSPP1	BCHE	PRDM1	ACAP2	BDH2	KAT2A	DCTN4	PROSER2	ERMAP	CERCAM	RND3	LOH12CR2	INSIG1	BAIAP2L1	CAMSAP1	CD9	KCNG1	CFD	GSN	GRSF1	MED18	C20orf112	GRAMD1A	POLE4	HOXB7	CMBL	PIM2	AP1S1	NAA35	GCNT2	EFHD2	CHMP7	PKN2	MYNN	CYLD	FAM86A	TCEB2	NDUFV1	CRX	MEAF6	CES2	HTRA2	BAG2	PSMD3	HIATL1	C11orf49	FAM184B	SDCBP	CAPG	ACN9	ATG10	BCL2L2	NDUFS1	HSCB	A1BG	POMGNT2	KIAA0141	CHP1	PDE11A	C6orf89	ALKBH7	MMGT1	METTL21B	ABCF1	TEX261	RABL5	L3HYPDH	ALDH1A3	TFDP2	NSMF	MXD1	ATXN7L3	PIR	FSTL1	AARS	FAM160B1	FKBP9	SREBF1	HSPA12A	DNMT1	CEP19	GBP4	BNC2	SUMF1	TGFB1I1	AAAS	ARHGEF40	FAM217B	SNX7	C9orf9	FAM175B	COL1A1	SLC25A11	GEMIN5	IFT81	CSNK1G1	CLPX	CENPB	FAM200A	FASTK	RABEP1	DALRD3	GGA2	ATP6V1A	SOCS5	SCPEP1	DHRS4	LSS	RNF24	DDA1	TMED7	SWI5	POLR1D	TAX1BP3	CAT	NARFL	FLVCR1	BIN1	ZNF655	KAT8	ACTR6	CYB5D2	PILRB	CCDC47	EXOC5	SAR1A	STK25	AP1B1	PRKCA	GABPB1	AGPAT5	GRK6	GTF2H3	KDM5A	SSR3	HLA-B	FUBP1	ATXN10	CNNM4	ECD	TMX2	RPE	RARS2	EFCAB4A	FAM127B	SF3A3	MRPL45	ARFIP2	CPM	LIAS	CAP2	RBM34	ENDOG	TBX3	MATR3	DAB2	ACO2	ADAM10	SHKBP1	HSD17B12	MYH9	POLD4	SP3	CRNKL1	IRF2BPL	PMPCB	ABHD14A	CERS2	RAB11A	NOL8	GRB10	CCDC94	RIPK4	CYTH1	IQSEC2	C5orf45	DYNC1I2	ARSE	SLC22A18	MRPL14	ANKS3	WDR59	C17orf75	SLC4A2	TMC4	DENR	GRINA	CLUH	MUC12	CSE1L	TMEM218	VEGFB	CLASRP	RFC2	PPIE	ECE2	CRIPT	ATP9B	HADHB	PIGK	DKK3	PPARG	CROT	ERC1	CDYL	NUDT9	BAZ2A	RAD51C	RAC3	LMO4	JUP	ACVR2A	FAM154B	MRPL12	PHF10	VCPIP1	CD58	EHD1	ANKH	ENKD1	HLA-C	ALG14	CLNS1A	SLC20A2	CMTM8	CNN2	GPX4	MPDU1	FBXO6	KIFC3	DNASE1	CEP57	C5orf56	GLA	KIF3C	ANKRD26	TARDBP	MIOS	SETD3	NSL1	LRRC58	MEGF9	SLC35C2	BLCAP	RPS17L	CDC40	FAM188A	OGFOD2	KLHL12	ACTA2	GEMIN7	LY6E	GSTM4	ACTN1	KRT83	LAG3	ST13	EPN1	CACNG6	TMEM209	PCID2	ANXA13	MARVELD1	AHNAK2	AIG1	HSD17B8	NKAIN4	FES	CPNE8	MVK	LUC7L	LMAN1	AARSD1	ISG20L2	HPS6	OSGIN2	RUVBL1	C2CD2	POLR3H	SMPD1	DDB2	GTF2H2C	AACS	DPP7	AAGAB	SF3A2	PKMYT1	MSC	PODXL	PSAP	ENDOV	ERP29	EXOSC3	ATP6V0A2	ANKRD13A	CSNK1D	UBXN7	ARHGAP30	KLHL18	FLJ27365	PDE8A	EFCAB2	APOL1	IFI27	TAGLN2	ATAD1	TNFAIP1	GAMT	ABCF2	PBRM1	PSME1	NEDD1	KCNJ14	MIF4GD	AFMID	MLLT10	HGSNAT	MALL	NUAK2	SERPINB6	FKRP	SAAL1	CLIC4	ELF2	HELZ	CAMSAP2	GJA1	TMC7	METTL23	SKP1	TKT	TMSB4X	UCHL1	TMBIM6	UBC	PRMT1	XRCC6	VDAC1	TMSB10	PFDN5	PTGR1	TUFM	TECR	TPM4	RHOA	YWHAB	SSB	SDHC	TRAPPC1	SPINT2	UBA52	HINT1	UFD1L	TP53I3	UQCRC1	NUCKS1	RAC1	PON2	SRSF2	UQCRC2	STX8	SEPT2	RSU1	PSMC5	SSR4	IGFBP4	TCP1	TAGLN	RPN2	SNRPD2	KDELR1	SLC38A2	PPA2	CLPTM1	SPP1	TYMS	PPP2R1A	NELFE	TSPO	WBSCR22	LGALS3	TMX1	PSMA1	LAPTM4B	TRAP1	SON	PLOD2	EFEMP1	HM13	PHPT1	PTPLA	NDUFA10	UGDH	TAF7	TSPAN4	RNASEH2A	SSRP1	PDIA4	SUCLG1	TOMM5	NDUFA13	HSPB1	NDFIP1	WDR1	MRPS16	PCBD1	PON3	SUCO	MRPL48	SERPINE1	PSIP1	UQCR11.1	PFKP	OS9	VDAC3	MAGED2	PLA2G16	TOP1	PFN2	RNF168	YBEY	SEC11C	PLEK2	ASNA1	WARS	TOPORS	THOC7	SUCLG2	TMEM14C	MANF	LRPAP1	FEM1B	LIPA	TP53RK	PHF14	PSMF1	WDR18	SPA17	CENPM	SIAH2	PAIP2	PTPLAD1	URM1	SPTBN1	MFSD2A	TXNDC12	SUPT16H	ZNF552	IDH2	WDR47	DHRS7	TMEM179B	TMEM186	VKORC1	TMEM134	ME1	FAM3A	SPTY2D1	SVIP	UBTF	MSMO1	PKIG	ZC3H18	SLC25A39	MMAB	ERP44	FHL2	RSRC2	VTI1B	SPR	YTHDF3	TET1	TMEM59	STUB1	RTN3	TOB1	TAX1BP1	TMEM54	SLC7A7	PTGES2	TSTA3	USO1	LOXL2	POLR3K	MCM7	TTC1	ZNF16	SMYD3	TMEM30A	NDUFA11	PTRH2	TK2	PPIL4	SMKR1	IMPA2	ZNF503	ELP3	JUNB	VPS28	PSMD11	NOP2	SH3BGRL	IGFBP6	FCGRT	CHCHD6	LRP11	H2AFJ	TDP2	ZNF326	IDH3G	HMBS	MGST2	NOVA1	RP11-345J4.5	SSSCA1	LHX2	GSTM3	COMT	FNTA	U2AF2	LEPROTL1	UPF2	SHARPIN	GPN1	TMED10	SEC61A2	TM4SF20	YDJC	ZMAT2	DAP	PTPRK	WDR4	ZCRB1	KNOP1	ZFAND2B	NMRAL1	SIGMAR1	VMO1	MKLN1	TRIM16	NT5C	RAD23A	ZNF593	TSEN15	MED10	GPX3	NT5DC2	NR2F2	MPV17	TRPM4	DHCR7	RNFT1	TMEM243	SCP2	ZWINT	WWOX	POLE2	SNX6	PCNP	ZNF174	WSB2	MCOLN1	IKBKAP	LMAN2	ZNF574	ZNF207	TNNT1	MAP1S	TMEM219	HAGH	PHF23	RCC2	TCP11L1	NME2	DAW1	ZP3	UNC93B1	RILP	TACO1	XBP1	SCARB1	ZBTB18	UTP11L	TESC	TOPBP1	RCOR3	WDR61	TRIM16L	ZNF830	SPATS2L	TXNRD2	YARS	UBE2F	FAM200B	ZNF461	TYRO3	UFSP2	SH3KBP1	OPTN	TIMP4	SPEF1	PM20D2	PSTK	TAF5L	PARVB	SEC23A	SH3BP4	SPATA33	C1orf85	PSMD1	PRAF2	MED7	TMEM109	S100A5	THAP3	VASP	KLHL21	GTF2H1	PCCB	POR	PMM1	PLEKHO2	LHX1	ZNF609	SMIM19	MCM3	UROD	ZNF136	PPP1R11	ZNF639	TUSC1	MEX3C	SLC29A1	PRPSAP2	TEX264	SERINC3	ECHDC1	SPTSSA	LEMD2	GIT1	TBC1D1	RPL7L1	TMED3	TMSB15B	ZNF37A	ZNF71	SLFN5	PLCXD2	TEX30	LMO7	RNPEP	PYGL	PRKCDBP	NUDT16L1	TMEM5	TIMM22	RRAS	TTC39C	RMDN1	ZNHIT1	PTPN9	TTC23	RXRA	TRIM13	UGGT1	VPS26B	SFR1	PYCR1	TFAP2C	YPEL3	PLEKHB2	RPP14	POGK	MLLT11	PGRMC2	VPS72	ZFYVE20	PRKAR2A	STAMBPL1	NRBF2	SDCCAG8	WASH4P	PIGL	POPDC2	TPST1	RND1	SMAD2	PTPN11	WDR62	FIS1	TSNAX	TNKS1BP1	ATP6V1E1	EPS8L2	TSG101	TOMM70A	DNAJC7	RAB3GAP1	RP11-302B13.5	OTUD4	SNRNP40	PBDC1	TMEM140	VPS25	NME7	KDM2B	LTB4R	PEX10	CDR2	DUSP10	PRPF4	TNRC6C	REEP3	PDCL3	ZNF3	PRMT5	SOGA1	FHL1	RHOB	TRPM7	CPSF4	VPS26A	SUMO3	ZBTB43	SRGAP2	NANOS3	LGR4	YIF1B	U2AF1L4	PAAF1	NOL10	SYTL2	SPEN	UTP23	TMCO1	TGFBR1	SUCLA2	ZDHHC9	NOL3	WTIP	TSPYL1	ZNF182	SEP15	TRPT1	POLR1C	WNT7B	RBM19	SNAPIN	NETO2	ZCCHC7	OSR2	TCTA	PHLDA1	ZBED5	IFFO2	RRP9	VHL	TSPAN9	UNC45A	MAFG	SLC35E3	PDCD6IP	NR0B1	SLAIN2	ZEB1	GSS	WDR48	VPS53	RUNDC1	PSENEN	PIGP	PLCB3	EML3	RAB6A	MYLIP	ZNF703	ZNF92	ZWILCH	KDM5B	DYNLL2	CHEK1	NIN	MPLKIP	GMDS	MGAT2	QTRTD1	ZBTB2	RBFA	UBR4	RP11-706O15.1	KIN	FADS3	RNF114	TRIML2	C16orf45	VPS37A	SYT13	ZC3HC1	FAM219B	NEMF	SNX27	SS18	MCRS1	PDGFD	PIGF	PLOD1	RUSC1	SLC25A26	SLN	VPS35	INIP	ZC3H12A	DCTN1	CD164	TBX19	GALE	TP53	TRMT2A	RGS17	NSUN2	ZNF131	VOPP1	UBE2O	CXXC1	RNF170	RBM26	TUBGCP4	NCAPG2	TMEM98	GLIS2	SELM	THOP1	LRP1	SURF2	OBSL1	PNPLA8	SMARCC2	PTTG1IP	USP7	MCFD2	GPNMB	TMEM50A	NAA30	RP4-758J18.2	MAGEA6	ISCA2	TTC32	THOC3	UBXN6	TMEM222	TOMM34	YAP1	PPRC1	EIF2S3	SWSAP1	CRCP	NUP88	REPIN1	NT5C2	TRABD	SZRD1	GFPT2	PPP2R5D	TMEM167B	DDX19B	PRPF39	RGS14	GFM2	WDR45	SNX4	MYBL1	EXOSC7	KIF1C	STX18	DNAJB4	TMEM143	SLC39A9	TLE3	TEX40	PIP5K1A	PRPF6	GABARAP	P4HA3	PPP1R16A	UBAC2	MLF1	PRMT7	PRKAG1	SPDL1	ISY1	GPR137	DNAJC25	USP10	SOAT1	RECQL	SMAD4	MMS19	MRPS27	PSMD10	CDK2	HEBP1	XAF1	SLC16A4	RNF213	NEIL2	SIX4	SCML1	ZNF638	TTF1	TMEM38B	KIF1B	PIP4K2B	GGT1	WIPF2	C8orf76	MED17	PRADC1	STAG2	TUBD1	ZMPSTE24	UBBP4	DIEXF	TAF1D	OBFC1	PPM1B	PPP5C	ZDHHC3	HIPK2	CD99L2	FAM120AOS	TM4SF4	NARF	SLC22A1	SMTN	RALGPS2	CORO1B	IFNL3	LSM10	TBL3	PAQR5	NME1-NME2	ZDHHC24	RAB4B	FSD1	SMDT1	KLHL8	TMEM62	TMEM45A	ZKSCAN5	SLC35B2	RBM45	SIRT1	TM2D1	POLM	SPTAN1	TAF11	TOP2B	WNK1	PQLC3	TMOD3	OAS1	NCBP1	SIX1	LETMD1	CLN6	ZNRD1	MRPS18A	PARPBP	SMIM14	SQRDL	THG1L	ZNF865	MARCH2	MSRA	NMD3	ZNF557	NRSN2	LYPLAL1	MFSD2B	RNF216	SNX22	TMEM159	OPA3	ZNF335	EVL	DSCC1	GLB1	MEF2BNB	MFSD3	NEK6	CTNNA1	ZFX	USP48	DDIT3	STX1A	TAOK3	CD320	UBE3B	GINM1	STRN3	RP13-512J5.1	CMIP	ZCCHC8	NFKBID	WDR25	RETSAT	PPIL3	USP33	VASN	TRAPPC12	RPS6KA5	YIPF4	TTL	ZNF7	CLN5	TSR2	DHX8	TMEM260	ZNF500	TRIM65	CREBRF	WDR54	TEAD2	TIMM10B	VPS51	GPANK1	P4HTM	FBXW4	SLC43A2	TSPAN6	SMG9	MYL5	SCARB2	ZNF280B	HECTD1	SEC22C	NEK9	SLC44A1	RNPEPL1	TNFAIP3	SENP2	HOXC8	NAT14	USE1	PTCD3	ANKRD54	ZNF227	LDOC1	ZNF276
M212	0.186	1.38e-06	MT-ATP6	COPZ1	CCDC104	IKBIP	MGMT	KYNU	ATP5S	CPNE7	IDS	NSMCE1	PCSK7	ZNF268	RABGGTA	RGS2
M214	0.114	0.00628	MT-ND2	MT-CO3	MT-CYB	ATP5D	MT-ND3	GSPT1	UBE2E1	MAP9	PHGDH	CCNC	FKBP11	C7orf50	PARL	TXNL1	FAM126B	UBFD1	UFM1
M216	0.109	0.00916	PTGES3	HMGN2	MAP1LC3B	CDK4	PPP4C	SET	C11orf58	EIF1AX	PHB2	MRPS6	FAM49B	COPS3	C19orf10	RNF10	C12orf10	LITAF	CSNK1A1	MTHFR	ERAL1	DNAJB6	MRPL17	MTFR1	ATF1	PSMG1	BBC3	GBE1	SPG7	MAP3K9	IFT57	RABEPK	CCL26	DIAPH3	DHX30	NOM1	SMARCD1	PDS5B	NFIL3	GPCPD1	FBXO25	NXT2	C5orf28	CUL4A	EIF1AD	GABARAPL2	NEDD4	FAM76B	FUBP3	STRAP	CERS6	SRSF9	TMED2	SAE1	ZC3H15	SRM	DPM1	ZNF511	RNF38	RALY	NT5C3A	RAD23B	USP39	EFTUD2	TBK1	LYRM2	RHOT1	NOP14	SFPQ	METTL2A	DGUOK	PRKCG	GID4
M222	0.19	8.04e-07	MT-CO2	MT-CO1	PRDX1	EIF4A1	MT-ND4	NPM1	PSMA7	PSMB6	NME1	PSMD8	BTF3	SLIRP	ATP5J2	NDUFA1	COX7B	KRT81	ATP5G3	COX5A	NDUFB9	SHFM1	PTMA	NDUFB4	PDCD5	SOD1	ERH	CYCS	MYL12B	SNRPB	SEC61G	BOLA3	COX6B1	RAN	HSPE1	RANBP1	POMP	PPIB	FABP5	COX7C	MRPL51	NDUFB1	PARK7	CCT4	ATPIF1	SIVA1	MCTS1	EBNA1BP2	PSMB7	MRPL52	NAA10	ATP5G1	ATP5J	NDUFA6	BANF1	MRPS15	PSME2	NDUFA12	NDUFC2	C8orf59	C1QBP	NDUFS6	MDH1	POLR2G	HSBP1	COX17	DAD1	PHF19	METTL5	ILF2	RPA3	LSM3	PQBP1	PSMB1	CTSL	HSPB11	PSMC4	LSM5	GADD45GIP1	POLR2I	NDUFAF2	ACP1	NHP2	CENPW	DTD1	CCT2	CLIC1	LSMD1	CNIH4	NEDD8	PPP1R14A	MINOS1	COX8A	NDUFS4	PIN4	CALM2	CDKN1A	RUVBL2	EXOSC5	CLTA	KRTCAP2	ATP5I	ANP32B	DDX39A	ITGB1BP1	PRELID1	RPL39L	ARL3	TXN	HNRNPH3	DERL1	NFU1	HMGN1	CDC123	MORN2	NUDCD2	PFDN2	SNRPE	COX7A2	HINT2	ATOX1	MRPL11	H2AFV	PSMB2	CMSS1	EIF3M	MRPL22	PABPC1	PHB	PAICS	SSBP1	LRR1	DYNLRB1	NDUFB6	POLR2J	NQO2	PDZD11	SBDS	SNRPF	ESD	DENND3	C12orf57	CENPN	COA6	EMC4	EIF3G	MRPL28	SNRPG	C14orf2	ATP5L	CHCHD3	SF3B5	NANS	AIMP1	GPX1	COA1	HDDC2	COMMD1	PCMT1	MRPL20	MRPS23	AURKAIP1	ATP6V1F	EMC9	HMGB3	NTPCR	NDUFB3	PSMA4	PSMA2.1	DPCD	BAD	AUP1	NDUFAB1	HSPBP1	C19orf70	ENY2	MRPS35	CHCHD10	HEBP2	PIN1	HAX1	SLC35B1	APOA1BP	MRPL40	CENPH	C17orf89	ANKRD11	GTF3C6	COX11	TBCB	EIF4A3	MRPL13	NRP2	C11orf48	EIF2S1	RBMX	GDI2	AEN	GINS2	RPL26L1	C19orf60	MRPL33	PIH1D1	FAM136A	CHST10	BLOC1S1	MFF	NCLN	RNASEH2C	CD44	FAM162A	PNPLA4	LCMT1	AAMP	NAA20	CCDC167	FGD6	PCGF5	C11orf73	ACOT9	GPN3	C9orf142	MOCS2	DYNLT1	MMADHC	PREP	AK2	DKKL1	EIF2S2	IFT43	C4orf3	C15orf40	PSMD14	CNFN	LSM2	NPM3	TPRKB	MRPS18C	PMAIP1	BCL7C	GCSH	COA4	FAM177A1	IGDCC3	PNKD	MRP63	FAM46A	EMC6	KLF13	NIPBL	FAM214B	COL27A1	AP1M2	RGS10	FARSB	GNA12	C7orf55	APTX	ARMC10	PPIH	FLOT1	CTNNAL1	MRPL4	IP6K1	ANKZF1	GTF3A	CCDC18	DUSP4	ARV1	ELP5	C11orf57	AASDHPPT	EVA1A	HSPA9	DRG1	GMEB1	NDUFA3	PPM1G	RBM42	NUAK1	HRAS	BDP1	DERL2	AK1	SSU72	TSFM	SNRNP25	KANSL1	DERA	ACSL1	CREM	DUT	COPS5	CISD2	FDX1	RGS3	GOSR2	CMC2	DYM	PRPF31	MRPL23	MPG	CHCHD5	HINFP	PHF12	NRD1	CEP135	SAFB2	SGCE	RP11-210M15.2	ABCC5	ANKRD39	ARID5B	GOT1	GPBP1	C1orf123	SLMO2	LAGE3	BDNF	ZNF566	EIF3D	LRWD1	PTMS	C1orf131	PDLIM2	POLR2L	SNF8	PSMA5	CCDC6	ISOC2	GLTPD1	CLDN15	ORMDL2	HSPA2	OTUD7B	CDK7	EMD	LMCD1	BARX1	SLC22A3	HES4	NABP2	NDUFA8	BCL10	SPCS3	ZMAT5	C21orf33	SMIM11	NET1	NDNL2	MAP2K6	PHLDB3	PET100	MRPS10	BCL3	GRAMD1B	CDC42EP2	ITGA7	PLEKHO1	GSTZ1	ETAA1	NFKB1	MED27	HERC4	CMTR2	DMXL1	COPS8	RBL2	MTIF2	CRIP2	KBTBD2	ARMCX6	GNG11	RPUSD3	COPB2	ATP6V1D	FAT1	CHD7	C3orf14	GTF2H5	MED28	FJX1	NOMO1	SYCE1L	OARD1	MTSS1L	MROH8	GTPBP4	TMEM220	ARPC4	SLC27A5	ABLIM1	BAG6	UQCRB	RPS7	NASP	IAH1	DPY19L3	GLUL	ALCAM	AL591479.1	C6orf141	BTG2	IVNS1ABP	RNF113A	RNASEH2B	RAE1	PITPNB	AP4M1	MFHAS1	HNF1B	MTRNR2L8	PFDN1	PRX	ASGR1	ARFGEF1	MIER1	NUBP2	PHIP	AAR2	RHOG	CTR9	NPLOC4	PRKRIR	ATF6	LA16c-431H6.6	TBC1D4	FAM207A	OCIAD1	MLLT4	SKA2	SNX2	HEATR5B	RNF167	NF1	APITD1	PAK1IP1	YPEL2	POLR1E	ATP6V0A1	HORMAD1	MCUR1	IER2	SMARCC1	MSRB2	NAB2	NCKAP5L	CRAMP1L	GLP2R	NOL7	CKB	CERS5	CFL2	EIF4ENIF1	SCAMP4	ADM	AKR1A1	COG4	APEH	C19orf24	QDPR	RXRB	IFNAR1	CDC23	PUSL1	NKTR	ERO1L	POLRMT	ANGPTL4	DST	HIC2	PPDPF	SETD5	MATN2	CUL4B	HSD17B14	AC090186.1	PLAA	C5orf24	SMG1	FUS	ADAM17	PLEKHM2	PDE4A	HIAT1	CD2BP2	RAB34	ERN1	MPC1	ADIPOR1	CIB2	AP2A2	OASL	PLEC	MRPS36	UBE2V2	CAMKK2	DCPS	FRG1	PPFIBP1	AP1S3	DPH7	NPAT	FAM178A	COQ5	IL6	GALNT13	PHF15	FRG1B	MAPKAPK5	CLK2	ELOVL6	NLRC5	EGFL7	TNRC6A	SMARCB1	DPH5	CDC42EP3	SEC61B	AZIN1	CSTF3	PLEKHM1	TMEM251	WHSC1	NPDC1	PHKG2	ARL5B	POLR3G	IRF9	KDSR	KANSL2	MACROD1	POLK	SLC52A2	NCS1	IGF2	LYN	ARHGAP27	ATG4B	TRAF2	EFNA5	ANXA6	ICAM3	ATG13	KLF11	KIF9	MITD1	CPD	PIGH	SEPW1	BCAS3	POU2F2	NLN	POLR3GL	TFF1	IL17RC	ENTPD4	CPT1C	CUL1	LEPRE1	SETX	AAMDC	AVIL	CYB5D1	KIF18A	ERI3	E2F3	SLC38A6	ARIH2	C19orf52	UROS	NUDT6	PTDSS1	EPC2	MRPL15	SRSF5	ARMC1	EXOSC8	MPRIP	CHD4	DOT1L	BET1L	PACSIN3	SAR1B	KIAA0930	MGAT5B	GCNT3	DGAT1	WBP1L	C19orf47	EDEM2	FDXR	AP1S2	NDUFAF5	TSPAN14	MDK	CTD-2600O9.1	IKBKB	FAM229B	FUCA1	SEPN1	DFFA	PFKL	RAB7L1	FOSL1	LRRC42	DNAJC1	MRPL41	LAMP1	FNBP1	ENTHD2	GPRC5C	IP6K2	MTF1	EIF2B4	DLC1	ABI2	BLMH	POLDIP3	LAMC1	ALKBH4	PSMB10	ATP11C	LAMTOR2	POLR2D	PRRC2B	TES	GPX8	CSAD	HBQ1	LGALS8	PPFIA1	PBXIP1	ALOX5AP	DDHD2	ILVBL	ME3	ING3	IVD	C11orf1	CCDC74B	NMB	INTS1	DLL3	GTF2F2	CCBL2	VIM	TXNDC17	VDAC2	PPA1	SERF2	UQCC2	TMEM147	TIMM10	SAP18	UQCRH	SUB1	TMEM126A	UBE2I	TCEB1	VPS29	TMEM258	SDHB	YWHAE	SPCS1	SNRPB2	PSMC1	UBE2D2	SOX4	UCHL3	SPCS2	OLA1	U2AF1	CSTB	ZNF394	NUCB2	SRA1	UBE2N	TOMM22	RBX1	PSMD13	UBE2D3	TIMMDC1	TXNL4A	RBM8A	ZNF668	RNF181	PSMB4	ZBTB8OS	UBXN1	CREG1	USP32	STRA13	WDR34	ZNF121	KXD1	OSER1	UPK1B	SNRPC	TATDN1	FDFT1	TIMM13	RPS6KA1	TROAP	RNF217	NSFL1C	SEC13	SLC25A33	WASL	TMEM160	NDUFC1	TRAPPC2L	TWISTNB	EBPL	TIMM17B	ILKAP	ZNF398	ZNF664	ZC3HAV1	TMEM141	DCTN6	GADD45A	TMEM167A	PDCD2	ZNF654	KIF16B	TP53INP1	PSMC2	MAGOHB	GOLGA4	TMEM208	ZNF354A	SNRPA	PGAM5	TFDP1	XPO1	CYB5A	YIF1A	ZDHHC12	SAMD11	ZBTB33	TUBB6	ZBTB24	SRC	RABL6	TGM2	NFKBIB	ZNF212	TAF6	USP15	UQCC1	TNNI3	ST6GALNAC6	TCEAL4	STYXL1	NT5DC3	HUWE1	ZNF259	TRIM41	NXN	MLF1IP	NBAS	PIGS	RBM18	SMIM13	ZNF211	FBXO32	EIF4G1	NDUFA2	POMGNT1	TNFRSF1A	IFI16	RPF1	ZCCHC6	FAM168B	ZNF84	TMEM223	NRGN	TANC2	ZMAT3	NUB1	SCN1B	SLC2A3	USP36	SLC5A6	MRPL32	TGFB2	RAB3B	WDR43	MSRB1	P2RY6	URGCP	FLCN	ZNF513	SDCCAG3	SCOC	SNX5	PLXNA1	NUPL1	SDHD	PRKRIP1	THSD1	UTP14C	TCEAL1	SNAP29	WDR13	NTAN1	SETD2	MTMR2	VPS45	SLC4A1AP	ZNF292	RIPK1	SLC30A1	ZNF24	TAB3	CHMP2B	PRMT3	RP11-41O4.1	SPRYD7	ZFYVE19	ZNF330	TTLL5	STX2	TMEM99	MTA3	FLYWCH1	SEC24D	SYNM	NPRL3	SRRT	POLR3F	ROGDI	SFT2D1	SBF2	PHACTR4	RIOK2	WDR26	GABRB3	SMEK2	NUBPL	ZCWPW1	MYO15B	ELF3	RINT1	TRIM56	PPID	RSAD2	RALGDS	FADD	XRCC6BP1	RGS16	SPRED2	TMC6	TCAIM	LRRC8A	TMUB2	HNRNPLL	DGCR6L	TAF9B	TNS4	SCFD1	FGFR1	RRP8	TUFT1	SPAG7	SCRN2	FAF2	LRFN1	KLHL42	ZNF281	ITPA	NTMT1	RNF40	SNAPC4	ZNF529	SAMHD1	TAF1B	PPP1R3F	PCGF3	USPL1	NKIRAS1	SETD7	TTC38	ZNF404	CD81	HIST1H2BJ	MRPL1	TUSC2	PLEKHJ1	IFT88	PDE6D	NR3C1	USP3	VPS4B	NPIPB6	SLC25A37	SULF2	ITFG2	RPA3-AS1	SLC38A7	TMEM41B	MRPS18B	FAM173A	IFNL2	C7orf13	GPR107	RAB33B	TOR1AIP2	NTHL1	OTUB1	RSRC1	CNPPD1	SEPT6	ZFP36L2	ITGA3	SMC6	TESK1	UBE3C	GTF2E2	RELB	PARP16	SGK1	SPTLC2	NUDT19	GPR126	RNASET2	DLST	SIRT6	RDH10	NADK2	UTP14A	CRYZ	ZCCHC9	TBXAS1	IQGAP1	PCOLCE2	WSB1	PRKDC	TLN1	WDR6
M226	-0.117	0.00489	H3F3B	CCDC59	PCNA	CKS2	C12orf44	HERPUD1	EGLN2	RAB1A	ARPC5L	GDF15	FAM103A1	BLOC1S2	DDIT4	DKK1	DBF4	STARD7	C1D	MORF4L2	ANKRD12	TRAF4	CHTOP	NOB1	CCND1	SLBP	TM4SF1	ARF6	CHD2	TARS	TIMM17A	ARGLU1	FAM96A	MAP2K3	C1orf109	COIL	SS18L2	AKIRIN2	ESF1	MTDH	HNRNPA0	MRPS26	EIF3J	CHCHD1	CDC34	GGNBP2	PPIF	PYURF	BTG1	CWC15	SDHAF1	KIF5B	DNAJB1	HNRNPF	TERF2IP	NPTX1	RALGAPB	LUC7L3	PNO1	DHX33	BRIX1	MAX	PDRG1	MAD2L1BP	DDX3Y	PNISR	CYR61	RBBP6	FOSB	UBALD1	PLK2	ERLEC1	CCNE1	ARID4A	CDV3	KIAA1551	MLEC	MAFF	CAPRIN1	RIF1	FBXO7	CEBPG	ASNSD1	BRSK1	CCDC127	SBNO1	POP7	INTS10	FUNDC1	PAPD5	PNN	FEN1	GPRC5A	MAZ	IER5	METAP2	C15orf61	GMNN	DHX9	KAT7	SCAND1	RNPS1	B3GNT2	FAM129B	TSSC4	MAP3K2	CDKN1B	MKNK2	NCK1	ARL4A	TBC1D8	MICA	ITSN2	PITX1	ATXN7L3B	MAP7D1	MESDC1	MOB2	FAM57A	CASP2	SLC16A1	PMP22	SERTAD1	SRP19	ARFGAP3	COPS2	SLC25A32	LCOR	RRS1	DCTPP1	DDX18	RBM25	APOO	PCM1	NR2F6	EPAS1	BIRC6	MRPL34	PARP2	FBXL15	ARMC7	DHX57	C9orf69	DCP1A	MESDC2	G3BP2	ITPK1	SMOX	DUSP3	ERBB2	CEBPD	MKRN1	CELF1	PPP2CB	EHBP1	PPP1R3E	NOL11	RAB40B	NDUFAF4	PDSS1	TPR	AKAP9	ACBD5	ARL4C	TRA2B	NAB1	GOLGA7	PHACTR2	PCF11	JUND	DAG1	TRERF1	GAR1	GIGYF2	MARCH9	PIGC	MRPS2	ADO	CCDC86	TNFAIP2	KRAS	CHURC1	MSL1	GEM	COX15	AZI2	MAGEF1	CCDC88A	TMEM9B	C1RL	IFT20	BCL7B	HOOK3	FBRS	ACAA1	PSMD6	HOXB3	PRPF38B	MRPS5	BAG4	LARP4	LRP6	C8orf33	ID3	C14orf119	CDT1	TFB2M	KIAA0947	RNF139	PRKD2	ARMC5	HOXC9	ARRDC3	C19orf25	ANKRD28	RSBN1	CTTNBP2NL	MIEF1	DHODH	AKAP10	C16orf62	LRRFIP1	SETD1A	ANAPC2	RAF1	RAB14	GSPT2	ETS1	HES6	ISCU	MAP4K3	NIP7	DCAF15	SLC25A38	ARHGAP23	AAED1	DOK4	KLF3	PCED1B	KLHDC8B	CNOT4	EIF4E2	TSC22D2	EIF2B1	RP11-468E2.4	EPCAM	CACNB1	HPS4	PNRC1	GNA13	MRPL44	PPP4R2	GULP1	SGMS1	PJA2	PPP1R2	GUCD1	CCNK	AMFR	CIR1	CCNT2	BPTF	NAA16	MRPL46	TRAPPC3	DSTYK	THAP1	TMEM11	TMEM2	C16orf70	CDK6	GLOD4	MEN1	GAK	SDPR	C7orf55-LUC7L2	BTG3	DCK	FOXC1	CNP	GCLM	PLIN2	SF3B1	ZNF580	ABHD5	GOLPH3L	DTX2	RIOK1	RSF1	NIT1	AKIRIN1	KIAA2026	FBXO11	BET1	ATG4D	EID2	CDC45	GRB2	MID1IP1	PPP2R5A	MBIP	MYC	VCPKMT	HPS3	CHD9	TANK	ATXN7	KCTD3	C10orf88	FZR1	AKT1	SCAF11	CREB3L2	REL	RFWD3	CITED4	TBCC	BRD9	LGALS9	PAF1	LONP1	SMC3	FAM171A1	R3HCC1	MCM8	NUP50	MED15	DHX38	MRPL10	DHRS12	CCDC174	DAP3	KIAA1715	RBM4B	CLDN12	CBX8	AP5S1	ADCK2	ELK1	RALA	BFSP1	MLXIP	TEX14	AGO3	CCAR1	C16orf91	AGER	TRIM11	ITGA2	HAUS8	SYS1	MRGBP	RYBP	ESRRA	KMT2E	SESN2	CHMP4C	UBE2H	BTBD2	SREK1	C6orf136	DYRK1B	RNF14	EREG	PUM2	IER5L	C16orf59	PRTG	FGFBP3	PDE4D	ZBTB8A	PSMD12	VEZF1	AP4E1	TRMT5	PDCD7	ANKFY1	TGS1	PDCD6	TRIM28	DNAAF2	SNRNP48	C17orf51	PDGFA	CHSY1	WDR83	C3orf58	PPM1A	CTDSP2	CKAP2	ACAD9	MAPKAPK2	AKT3	AHSA2	CREBL2	MAFK	GOPC	NR1H3	DMWD	MTFMT	MB	DOCK1	ARHGEF19	ABT1	PDPK1	DHX37	CEP78	LTV1	WBP11	ALDH9A1	APOL6	ELP2	PPP1R37	RFK	DDR1	IFIT1	SEPT8	ADAR	RAB22A	GTF3C4	GALNT14	ENTPD6	TFAM	KLF16	SEC24A	DNAJC9	CAMK2D	DDI2	MSANTD3	COQ10A	FAM172A	DOCK10	AHI1	BNIP3L	POM121C	LANCL1	TANC1	C15orf39	EIF5AL1	C2orf43	TRIAP1	BTAF1	ALAS1	VTA1	SART1	BNIP1	SHOC2	DPH3	AGAP2-AS1	CDK12	PEX11B	MARCH5	HERC2	ZFYVE26	DDX23	ARID4B	CACNA2D1	ATL2	MARS	NARG2	PHC2	MCAT	N4BP2L2	IFIT3	RBAK-RBAKDN	RNF145	ANKRD10	FAM114A2	MCCC1	DUSP8	LEAP2	SDAD1	HAGHL	AP2A1	CWC22	SLC1A5	MFAP1	CYB5R1	RBM41	AJUBA	NXT1	IMPAD1	TROVE2	ATXN2	OGFR	YY1	YTHDC1	UQCRFS1	YWHAH	WDR45B	VAMP2	U2SURP	HOXC13	SUPT5H	TRAPPC4	TSC22D1	YTHDF1	YTHDF2	RNF20	TNFRSF12A	UGCG	ZFAND5	KIF20B	YPEL5	UBE2K	PHAX	KPNB1	WIPI2	TMEM65	SNRPD1	NKX2-5	RGAG4	SLC39A6	ZFP36L1	MIDN	SHB	UBTD1	TOR3A	RSBN1L	PCGF6	NELFA	MAT2A	WTAP	RP2	HEXIM1	RUFY2	TSEN54	IMP3	ZNF148	MAP4K4	TGIF1	SAFB	NUP93	SOX17	WHAMM	ZFYVE1	ZNF800	MAEA	ZBTB38	TADA3	ERLIN1	TRMT6	USP47	TCEA2	RAB5B	TMEM259	ZDHHC5	SLC33A1	HSPG2	NCOA1	TMEM70	TRIM27	SYF2	WDR3	RRP15	HEXIM2	METAP1	SLC35G1	RPS6KB1	PVRL1	PPP1R35	TMF1	TBC1D12	ZBTB1	TMEM121	RBM17	ROCK1	UBN1	RAD21	SNRNP27	FOSL2	UPF3A	SRGAP1	SDF4	PPM1D	NTN4	TCF7L2	CCL3	TNPO2	TTC19	SOWAHC	RBM39	NMI	SRP54	XIAP	NUPL2	UBE2G1	SLC22A5	ZCCHC3	PRAME	PRRC2A	PLAUR	RPA2	PI4K2A	STK4	WDR66	TMEM170A	SH3RF1	TRIB3	YRDC	STAM	NACC1	SNX11	MFSD11	SLC41A1	PITHD1	VPS18	UBLCP1	PROSC	SNAP47	MRPS25	ZNF140	KIF3A	VPS37B	TYW1	HSF2	PRPSAP1	NBPF10	IFRD1	STK17A	PURA	LENG8	SART3	NEK7	ZRANB2	TTC37	TRIP4	NRP1	TRABD2A	TMCC1	WDR76	GOLGA8B	SPAST	LARP1	TP53BP2	GSDMD	TMEM55B	KPNA4	MIS12	TMEM203	RNF185	RPS6KB2	RPGR	ZNF768	MYPOP	WAC	KIAA0196	ZNF579	USP22	YY1AP1	TMX3	WRNIP1	KIDINS220	MEF2A	SURF6	ZNF641	ZNF266	HHEX	VANGL1	RNF121	STK40	SRCAP	UBE2Q1	NIPSNAP3A	USP14	ZNF480	VGLL4	MECR	ZSCAN29	RRAGC	PTAFR	TPP2	MORC4	MMD	SPATA2	PTPLAD2	SPECC1	DOHH	ZNF526	REXO4	UBN2	PEX14	WDR35	PRPF38A	ZC3H14	WWC1	SCML2	SMPD2	TRAF7	EWSR1	SPPL3	MTPAP	DYNC1H1	WHSC1L1	VSTM2L	MEPCE	ZNF706	ZSWIM7	SERTAD2	UCK2	PAK4	SLC6A6	RASEF	TIMM8A	PDK2	RECK	MARCH6	HMOX2	MPST	DNAJB14	ZFPL1	ERCC3	SPTLC1	UBQLN4	ZNF226	UBE2Z	STAMBP	SAMD1	MSL3	SLC25A19	PTRF	PAPD4	RHEBL1	C2orf47	LEPREL4	LARP1B	TRIM47	NUP188	KBTBD7	TMEM161A	IRF2BP2	VAV1	CEP164	COQ10B	KIFAP3	TMEM177	HERC6	SMAGP	SYP	RERE	POC1A	RNF207	EXOC3	YEATS4	NUP160	WDFY2	PDXDC1
M234	0.153	9.53e-05	CXCL2	CXCL1	CXCL3	HOXA10	C8orf4	CXCL5	KIAA1429	ABCA5	EIF2AK4	INO80D	B4GALT1	IL8	DNMBP	CCL2	NFKBIA	KIF2A	SLC7A1	NOP16	EIF2AK3	MGAT1	MRPS30	PHF6
M306	0.09	0.042	RPL7	GNB2L1	RPS3	RPL5	RPL11	RPL34	RPL15	RPS4X	RPL6	RPL7A	RPL14	RPL4	NACA	RPL26	RPL19	RPL23A	RPL23	RPL9	RPS27A	RPL21	NAP1L1	EIF3F	EIF3H	EEF1B2	RPL27	EEF1D	EIF3E	EIF1AY	ATP5G2	FBL	GLTSCR2	NSA2	CCDC34	BCR	RPL38	OXA1L	BCL2L1	PTRHD1	FASTKD2	CRELD1	HMGN3	RNF126	CCDC88C	ARHGDIA	B4GALT3	PGAP1	RPS24	MCL1	EIF5	ATP1B1	CSGALNACT2	GNAI3	WBSCR27	KLF6	CD2AP	LPGAT1	LANCL2	MEIS3	IL10RB	IFITM2	MLST8	RFX7	C11orf74	C3orf17	NUDT15	ANAPC15	INO80	P2RY11	RAD51D	DCBLD1	RASA2	HIGD2A	AAK1	HERC5	NAA50	CSK	ANKMY2	SAT1	QARS	CCDC12	CARM1	COQ7	MARK3	NCOR1	PSME3	PRPF40A	RBKS	MRPL36	C12orf23	HAS2	INO80E	IL18	CDC25B	PDIA5	ACIN1	RNF34	MTCH1	SCYL1	ITFG3	RBM7	ITGB5	ATE1	GATAD1	SAC3D1	SLC30A5	GTF3C1	RPS3A	AKAP13	CCDC126	LYPLA2	CDC6	DENND4B	ARFGAP1	UBE2D4	FBXO21	PTPN4	STOM	METTL10	DPF1	PLXNB2	TIMM9	FAM98A	PTCH2	APH1A	MNS1	HIST2H2BE	LAP3	CCAR2	MID1	NRAS	PRRC1	IRF2	CYB5R4	IFI27L1	RASAL2	GM2A	SPIN4	CHST12	C16orf72	ARAF	NUP62	CIRBP	RARS	CEP68	MED29	LPIN2	SYNRG	DAK	METTL16	HOXA7	SLC25A3	RPS4Y1	VIMP	SNRNP70	ZNF358	SEMA4B	TBC1D31	NFATC3	ISYNA1	ZNF160	TNFRSF21	RAB15	MRPS28	TIPARP	INTS3	ZDHHC2	PIK3C2A	WAPAL	UBL3	TATDN2	SRRM2	SP100	SRSF6	CNTLN	INA	SERINC1	FZD2	TMEM165	SLC35F5	ZMYM5	UIMC1	ZNF428	RAB3IL1	ZNF507	ZNF217	TSPAN15	ETV3	TTC26	TIPIN	HIST2H2AA3	RBM28	PPP6R1	PLEKHG2	ZDHHC18	MACF1	SMAD6	NDUFAF7	MPP5	USB1	STYX	ZNFX1	TXNDC9	PEBP4	LIPE	TMEM51	USP34	C11orf68	ROM1	GRPEL2	OAS3	ZFP82	FAM98C	CWC25
M307	0.222	5.66e-09	EIF3K	ATP5H	ATP5C1	ATP5O	PRDX6	NDUFB10	PGAM1	NDUFS5	NDUFS3	NDUFS8	CINP	PGLS	DAZAP2	GFOD1	BAG1	LTA4H	MRPL47	TSEN2	MRPS14	RPRD2	RRAS2	DICER1	DCAF8	PAFAH1B3	PRIM1	EHMT1	AGGF1	PHLDA3	C6orf48	CCDC74A	ADK	PIGW	ANKS1B	PSEN1	ATP5SL	DDX1	NFKB2	GNAQ	RRM1	MRPL43	AMOTL2	FAHD1	MRPL27	CHTF8	APAF1	BLM	SRP14	EID2B	NR1D1	SLC25A5	UXT	SMIM4	UCP2	ZDHHC7	VAMP3	MRPS33	VWCE	TCEB3	TNFRSF10D	QTRT1	FAM3C	TFAP2A	TOP1MT	STAT2	ZBTB39	NAT9	TYMP	UGP2	SGTB	TMEM57	TUBE1	FAM111A	VRK1	PCNXL2	MAGEH1	NOTCH2NL	RCC1	RNF141	SFXN3	STT3A	SAMD9
M308	0.16	5.27e-05	RPS2	RPS12	RPS19	RPL12	RPS27	RPL18A	RPS20	DSTN	RPLP2	RPS21	RPSA	CALM1	RPL35	RPL22	HMGA1	HNRNPD	ETFA	RPL36AL	GHITM	RPL36A	HNRNPM	ANAPC11	NME4	GLRX	CHPT1	MLF2	PRPS1	ACTR3	PTS	POLR2E	NBEAL1	NSMCE4A	HTATIP2	MSH2	RER1	DFNA5	CDC42	NONO	RNF5	ARPC5	NDUFV2	KATNA1	GMFB	LXN	SRI	ISCA1	PINX1	PDHB	PHTF1	MINPP1	FIP1L1	PLGRKT	DEGS1	CYB5B	MVP	PARD3	RBP1	ATF7IP2	ARL2	C17orf53	DCXR	IMPDH1	PSMB8	IRF3	IDI1	AP3S1	FAM92A1	LYRM5	C9orf89	B3GAT3	MED4	DNPEP	RBFOX2	CXorf40B	KIF18B	CCDC85B	SRP9	C12orf5	CHMP5	MOB1A	HNRNPUL1	BBIP1	CSNK2A1	LEO1	C9orf41	EMR1	FERMT2	EML2	CDK5RAP3	C11orf86	C14orf1	HACL1	ARHGEF9	DHRS4L2	DMKN	LONP2	NGEF	RSPO3	CORO1C	LYRM4	KLHL9	CCNG1	CANT1	DNAJC8	CSAG1	CDCA4	PNKP	TPT1	NELFCD	RBM23	SKIL	ACAP3	IFT52	GPRC5B	RAB11B	ALKBH6	ERRFI1	ACSF3	RBMX2	CCDC102A	PNPLA2	GMPPA	ALG5	IQCB1	SLC35B4	TCERG1	MTRNR2L12	DVL1	GNB5	BCS1L	RNF4	CSNK1E	SLC9A3R1	HSD17B1	ARMCX5	MTL5	KLHDC4	MAP2K1	MAPK3	PDE7A	UBE2B	NEU1	RC3H2	BCAP29	NR4A1	CHAC2	TMEM106A	CASK	AC135178.1	PDCD11	MAP7D3	FBF1	MED13L	BCAS2	SPOP	CDK5RAP2	RAB3IP	RPS28	RPS29	YBX1	RPSAP58	TBCA	XRCC5	SMS	SEPT7	SUMO1	UBE2L3	TCTEX1D2	WBP2	TMEM14B	MEA1	RWDD4	RNH1	STIP1	TPMT	UBXN4	SPRYD4	SARNP	SSR1	TSSC1	THYN1	GFPT1	RRP7A	TXNRD1	SRD5A1	ZNHIT3	SOD2	NDRG3	ZNF581	TIMM8B	SQLE	SERPINB9	LEPREL1	ILF3	WDR77	SP110	SHMT1	SLC26A6	FAHD2A	PIGB	SERPINB1	VPS41	TCF12	TAF8	RABIF	TSR3	ZNF544	MYO5B	TYW3	WDR12	METTL21A	TEN1	SEPHS1	ERBB3	SESTD1	LATS2	PKD1	VAPB	TULP3	MON2	SPPL2A	PLCB4	PCNXL4	OAT	WRB	TMEM64	HLX	PLAGL1	SMAD5	MYEOV	LRP10	YIPF1	TMEM216	CYFIP1	RMI2	MARC2	NFIB	SAP30BP	NOL6	ZNF688	THOC5	POMZP3
M348	-0.151	0.000119	RPL7	GNB2L1	RPS3	RPL5	RPL11	RPL34	RPL6	RPL7A	RPL14	NACA	RPL21	NAP1L1	EIF3F	EIF3H	EEF1D	EIF3E	EIF1AY	ATP5G2	FBL	NSA2	OXA1L	BCL2L1	PTRHD1	FASTKD2	EIF5	GNAI3	KLF6	IL10RB	IFITM2	ANAPC15	P2RY11	HIGD2A	HERC5	NAA50	CSK	SAT1	QARS	COQ7	NCOR1	CDC25B	ACIN1	RNF34	ITFG3	RBM7	SAC3D1	RPS3A	CCDC126	DENND4B	FBXO21	DPF1	PLXNB2	TIMM9	PTCH2	APH1A	HIST2H2BE	LAP3	CCAR2	NRAS	IRF2	CYB5R4	RASAL2	NUP62	CIRBP	CEP68	MED29	LPIN2	HOXA7	SLC25A3	RPS4Y1	SNRNP70	SEMA4B	NFATC3	ISYNA1	TNFRSF21	INTS3	ZDHHC2	WAPAL	UBL3	SRRM2	SP100	SRSF6	CNTLN	FZD2	RAB3IL1	ZNF217	ETV3	TTC26	TIPIN	PPP6R1	PLEKHG2	MACF1	NDUFAF7	MPP5	TXNDC9	PEBP4	TMEM51	USP34	C11orf68	GRPEL2	OAS3	ZFP82	CWC25
M354	0.139	0.000491	GNB2L1	RPL34	RPL7A	RPL14	EIF3F	EIF3H	EEF1D	EIF3E	FBL	NSA2	OXA1L	BCL2L1	PTRHD1	EIF5	NAA50	CSK	SAT1	QARS	COQ7	NCOR1	CDC25B	ACIN1	SAC3D1	FBXO21	PLXNB2	NRAS	IRF2	RASAL2	LPIN2	HOXA7	SNRNP70	INTS3	WAPAL	UBL3	SP100	SRSF6	ZNF217	ETV3	PLEKHG2	MACF1	MPP5	PEBP4	TMEM51	USP34	C11orf68	GRPEL2	OAS3
M357	0.105	0.0124	RPL7	RPS3	RPL5	RPL11	RPL21	FASTKD2	GNAI3	IFITM2	ANAPC15	P2RY11	HIGD2A	HERC5	ITFG3	RBM7	RPS3A	CCDC126	DENND4B	PTCH2	HIST2H2BE	LAP3	CCAR2	CYB5R4	NUP62	CIRBP	CEP68	MED29	ISYNA1	TNFRSF21	SRRM2	RAB3IL1	TIPIN	PPP6R1	NDUFAF7	ZFP82
