M3	-0.031019462145351	0.500931378978877	IFI6	IFITM3	ISG15	IFIT1	IFI27	B2M	IFIT3	IRF7	IFITM1	CXCL11	MX1	IFITM2	EPSTI1	LY6E	IFI35	ISG20	C19orf66	PSMB9	EIF2AK2	CMPK2	BST2	IFI44	DDX60L	DDX58	HES4	SAMD9L	OAS1	LGALS3BP	STAT1	IFI16	OAS3	GNG5	CHMP5	TAP1	ODC1	MARK3	HERC6	APOL6	DTX3L	TMEM167A	TNFSF10	SOAT1	HLA-F	ETV7	IFIT2	LPP	HERC5	IFIH1	BID	HSH2D	APITD1	CFLAR	HLA-B	ADA	HELZ2	APOL2	C4orf3	RXRA	C7orf43	GBP1	DGUOK	FAM120AOS	CDK17	LRRC14	C5orf56	IER2	GTPBP1	PLBD2	ERCC2	KIF3B	GNPTG	DDA1	TSTA3	EVC	KIAA0040	OAS2	SHPK.1	IGHMBP2	PARP12	C10orf2	ALKBH7	PREPL	SPOPL	CC2D1B	TRIM25	ST3GAL5	PUM2	RNF213	PLSCR1	CCNA1	SCAF4	FGF11	ERLEC1	NSMCE2	MX2	UBE2L6	USP18	IFI44L	CXCL10	SP110	TYMP	XAF1	SAMD9	SP100	PSMB8	PARP14	RSAD2	TRIM22	PARP9	OASL	RAB4A	SAMHD1	NDUFB7	NMI	TRIM69	PNPT1	USP19	XXYLT1	NT5C3A	TRIM14	TRADD	SLC22A5	LRRC47	RWDD4	RTP4	ZNF770	CTBS	DUS2	KIAA0430	TAF13	ZNF473	RAB3GAP2	SLFN5	STAM	MCCC2	SLC25A53	OGFR	PGM2	TMEM128	VHL	PML	SULT1A1	TRMT11	WASF1	PTPN13	UBA1	PHF13	PDK2	NUP160	PPP2R2A	HES7	PHF11	WDR70	ZMIZ2	SERPINF2	NUP93	TRIM29
M4	-0.26946246382603	2.07981002254432e-20	MT-CO1	MT-CO2	MT-ATP6	MT-CO3	MT-ND2	MT-CYB	MT-ND1	HSP90AA1	MT-ND3	LDHB	ACTB	RPL41	EIF4A1	RPL12	RPS12	NPM1	TUBA1B	ANXA2	ENO1	GAPDH	RPS27	MT-ND4	RPL37A	RPLP0	TUBA1C	RPL18A	RPL29	GSTP1	HSP90AB1	LDHA	ALDOA	RPS28	PRDX1	RPS14	ACTG1	RPL37	RPS2	RPS19	HMGB1	CD63	RPLP2	KRT5	RPL13	RPS20	BTF3	TMSB10	MYL12B	FAU	NACA	FTH1	RPL28	ANXA1	RPS21	ARPC3	RPL36	KRT19	ACAT2	MYL12A	HSPD1	SH3BGRL3	GUK1	CACYBP	PPIB	HNRNPA1	PPP1R14B	CCT2	GSTO1	ATP5B	CALM1	NCL	CCNB1	PA2G4	C1QBP	CD59	EIF3K	RPL31	CCT5	KRT18	PSMA7	CCT6A	PPDPF	HSPA8	CAV1	CLIC1	FGFBP1	EIF1	ATP5C1	ATP5F1	HMGA1	ATP5E	RPS29	EIF3I	COX4I1	PRELID1	AIMP1	LAMB3	ATP5A1	ARPC2	C14orf166	CCNI	CALR	CDC20	PSMB7	PSMB1	RPL30	CD9	COX5A	TUBB4B	PFN1	ITM2B	EIF6	PPIA	CLTA	HNRNPD	EBNA1BP2	FDPS	DDX39A	PKM	EXOSC8	PSMB3	RAN	LMNA	PSMB5	PBDC1	TUBA4A	NASP	CCT8	FH	NAP1L1	PSMA4	PRDX2	MTDH	PSMB6	LAMC2	SEPW1	ITGA6	DNAJA1	CCT7	S100A14	CKS1B	ADSL	CCT3	SOD1	ILF2	PABPC1	PTGES3	SRSF3	SERF2	NDUFC2	EPCAM	HLA-A	APLP2	MDH1	EIF2S1	C17orf89	OAZ1	KRT14	RPL8	PSMC2	ESD	ARPC1B	ANXA5	MCTS1	MRPL13	CDC5L	DDX5	CNIH4	EBP	EIF4A3	OST4	GPX1	GJB2	NOL7	BRI3	CDC123	HSPA5	FKBP3	DDOST	ITGB1	NDUFS5	EIF3M	DDX18	SERINC2	ARL6IP4	GLRX3	POLR2G	MSH6	RPLP1	ATP5H	PDIA3	CENPF	PSMA3	SERBP1	ATP1B3	GHITM	MDH2	HNRNPAB	RANBP1	SMC3	CCNB2	IDH3B	ANP32B	MT-ND6	DKC1	MYH9	HRAS	GGH	CYC1	MKI67IP	PSMA2.1	KRT6A	RBX1	NDUFA9	HMGN1	CST3	AHNAK	PSMA1	PRSS3	BIRC5	C1orf56	SLC3A2	AIMP2	MFAP1	EMC7	DEK	COPS6	HEBP2	MRTO4	C16orf74	MRFAP1	SET	PERP	MRPL2	CAPZB	AP2B1	NOP58	ACTN1	MAD2L1	NAA20	LAPTM4A	MRPS9	SUPT16H	ERP29	PDCD5	CSNK2B	MZT2B	DNAJC8	DCAF13	REEP5	NDUFS2	ITGB1BP1	DHCR24	MESDC2	HNRNPU	MRPL47	ARGLU1	PHB	DNTTIP2	NUDT5	IDI1	CDV3	EMG1	BRIX1	IGFBP7	ITGB4	ANP32A	PSME2	DUSP4	GDI2	MRPS23	GPX4	CHORDC1	DNAJC7	C21orf59	DDX21	PPM1G	MYEOV2	HNRNPM	ACAT1	COPS5	CLNS1A	UBE2S	HNRNPA3	CDCA3	ANP32E	KLF6	ARF4	MGST2	EIF3A	CYBA	TFAM	KRT10	ADK	CBX1	PRDX4	BUB3	GNB1	ADRM1	NDUFAF3	PSMD14	EIF1B	BCAS2	PPIH	LRPAP1	PFDN6	LIMA1	COPS3	PGK1	LSM2	HNRNPH3	ERGIC3	PTMS	ADRB2	EI24	FUS	KRT8	ARPC1A	HNRNPC	ECHDC1	LGALS3	MYC	KPNB1	MRPL46	MRPL32	PRMT1	CCT4	GTPBP4	HPRT1	EPRS	B4GALT1	NDUFA12	COPE	MAGOH	EIF3D	THRAP3	SRPK1	MRPL3	AK2	AHSA1	ITGA3	GRPEL1	MRPL22	HNRNPK	NDUFAF4	SRSF2	SRSF11	HAUS1	CCNH	HNRNPR	TMEM70	BLVRB	C19orf33	NDUFB6	EXOSC9	HSP90B1	PTRH2	BSG	FLNA	ATOX1	PDCD2	ETFB	HMMR	MRPS26	DBNL	ACOT9	CTSC	ACOT7	DHRS7	NANS	PARP1	FERMT1	GRN	KIAA0020	LAMA3	RRP1	SIVA1	FKBP4	ABCE1	GPATCH4	CCDC43	PLK1	CEP55	VDAC2	KTN1	SRRM2	METRN	TCP1	NIP7	EXOSC7	MALSU1	LRRC59	BCCIP	ERP44	CAPN1	MTCH2	DECR1	TMA7	EFEMP1	COA4	MRPS12	POP7	FTL	GPN3	BOLA3	MRPS35	NUSAP1	POLE3	FUBP1	PLEK2	ATIC	PDCD6	NDUFB10	PSMD6	RRP9	CAMK2N1	DEPDC1	PSMA5	NQO1	C1GALT1C1	RRAGA	AKR1B1	DPM1	DDX46	ITPA	POP4	HMGN2	GTF3A	EIF4EBP1	CMSS1	PSMG2	HNRNPDL	RWDD1	H2AFY	HAT1	AHCY	JOSD2	EXOSC1	CAP1	DNAJB11	GGCT	ANKRD11	HNRNPA0	FAM64A	TUBB	PRRC2C	NIT2	CDCA7	LUC7L3	CTSZ	ETFA	CD47	RBM28	DCTN6	MZT2A	REXO2	EXOSC3	DST	CDK2AP2	SNAPC1	PMF1	GADD45GIP1	CNOT7	NDUFS7	NME4	RALY	SLC25A3	NEK2	EMC4	ADH5	KIN	CDC42EP2	NDUFB11	DDX24	ABCF1	PARK7	PSMD8	DRG1	EIF4E	MRPS15	NDUFB8.1	PYCARD	TRAP1	NME1	MRPS22	CCDC59	STEAP1	GNAI3	RRM2	EZR	C11orf48	APEX1	CHMP2A	GMPS	FAM211A	LAMTOR1	GNL1	ECHS1	AL592284.1	CENPH	DERL1	SF3B2	KHDRBS1	CAPZA2	C20orf27	ESF1	PHB2	CCND1	KDELR1	CIAO1	PAICS	POLR2J	PMPCA	CDC40	CDC37	BCL7C	SRSF7	SQRDL	PDCD7	C1orf86	NDUFAB1	MANF	HM13	CHCHD3	RUVBL1	MITD1	SDHB	BAZ1B	COMT	LTV1	MRPS7	CITED4	AKR1C1	SYNCRIP	BZW2	PELO	CTBP2	JTB	C8orf59	FDFT1	ECH1	MZT1	CSDE1	RHOD	MRPS34	PSMC1	CDK2AP1	GSPT1	SMAP2	HDLBP	MGMT	RCC1	ECI1	C12orf45	ATP1B1	GTF2F2	KIF20B	ARF1	CLDN7	FAM162A	PSMD12	RAB1A	C12orf75	MCM7	FXYD3	MRPL48	HNRNPA2B1	NETO2	LSM7	C2orf47	RAB31	DYNC1LI1	CTSB	FIP1L1	GTF3C6	ATXN10	BRK1	IMP3	SSSCA1	CAPN2	DHRS4L2	KARS	RAB11A	DAZAP1	FKBP11	CUTA	AFMID	TSFM	ADAR	CIAPIN1	C1D	ATP6V0D1	RTN4	ANXA7	ANAPC15	RABL6	MRPL15	TMEM205	CTNNAL1	CRYZL1	SSR2	PTPLAD1	DCPS	INO80C	ST13	FAM83A	FADS1	ARF3	MNAT1	CTDNEP1	MRPL51	ARG2	MOB3C	AC010642.1	LYPLA1	EBPL	SPCS2	ARV1	MRPL41	PNO1	PDLIM7	PMEPA1	AP2M1	DYNC2LI1	ARPC5L	ATP6V1E1	LAS1L	RNPS1	SNW1	CSTF2	CAST	AP3D1	AURKAIP1	CLP1	RER1	DDRGK1	NDUFV3	C12orf65	CACUL1	C16orf80	PHGDH	DEF8	EIF4G2	PTPRF	ARHGDIA	CINP	PSMB2	RNF7	TMEM109	ADIRF	SERPINH1	IFNGR2	AMIGO2	MKI67	MRPL21	HEXB	EMC3	COQ3	AP2S1	PPA1	MRPL40	HDGF	EPB41	AKT1S1	PRPF40A	SUGT1	SDC1	PSMG1	MYO9A	NFKBIB	APMAP	CAT	CASP1	HMGCS1	KIF5B	HDAC2	ATP6AP2	FTSJ3	CDC45	CAV2	LSM11	ELAC2	RABEPK	GLRX5	DHCR7	IL4R	C11orf74	ABHD15	MRPL28	CPSF1	LEO1	REEP3	CALM3	LRP3	ANLN	ERICH1	UBE2D2	MRPL37	LAMP2	MCAT	PSMC6	NUDT9	PWP1	PTGS2	SEPT7	BZW1	DNAJC19	ACTN4	ACTR10	AASDHPPT	PSMD2	ACTR1A	BDP1	MCM4	AEBP1	BUD31	BLMH	COPS4	MRPL50	BBX	MOB4	ABCD3	RNF2	BCL2L12	MAPK13	ERCC1	LARS	SELK	CEBPZ	BTG1	PRADC1	IL13RA2	EIF2B2	LSM4	LSM6	INSIG1	MLLT4	MRPL24	NSDHL	DR1	MAPRE1	PSMG3	RARS	LAD1	FSCN1	HMGCR	GPX7	ILF3	C9orf91	MRPS6	CCSER2	GRSF1	MGAT1	ACAA1	HMGCL	BRD7	MTCH1	CPNE3	CWC25	RAC1	OSGEP	ARMC6	IFT43	PLAUR	HADHB	CSRP2	NMT2	EIF5A	C20orf24	NFIC	ATAD3B	MRPS10	ARAP1	KIF3A	CELF1	EIF2B3	AHCYL1	DAB2IP	ASB1	OAF	EXOSC2	RABGGTB	GTF2B	CD58	PHAX	PPIF	S100A16	PLEC	EIF4E2	MTHFD2	PQBP1	APPL1	CTNNBL1	FOLR3	CHMP1A	DSG2	MMP14	NDUFB5	PDIA6	ACTR6	DTD1	COPB2	ELL2	MAP7D1	EFNB1	HSD17B4	HMGA2	GSTO2	PCCB	UNC50	FASTKD2	BTF3L4	NOC2L	SHROOM3	TOMM34	CWC15	CRCT1	CENPN	NARS	FAM58A	ITGB3BP	HSF2	C3orf58	NEURL4	SLC25A33	COA3	PCNA	GPSM2	ALG5	AES	CDKN1B	MRPL9	LIAS	TES	FIZ1	IL18	GAR1	AQP3	SAP18	GLOD4	FEZ1	NUFIP2	CIB1	KDM5B	CDK6	GALE	MAZ	DNTTIP1	CTGF	ATP2A2	LHFPL2	ADRBK1	DPCD	DHRS1	C11orf24	B9D1	RCN2	MARCKS	CLPTM1	EAPP	AHNAK2	CKAP4	LMO7	C9orf16	PNPLA4	CDC25B	POP5	RNF167	C6orf203	FBLIM1	TCEA1	SHARPIN	FBXO16	DHX36	DNPEP	HAUS8	ACTR2	PHF19	RPS26	MTIF2	MRPS30	ACIN1	PPP2R5E	CNDP2	MRPS33	ASNS	C11orf68	INPP4B	ARL3	AXL	CMAS	ARPC4	HADHA	H2AFY2	HYOU1	SLC25A39	BTBD7	TUSC2	C12orf57	BTG3	CHP1	HDGFRP3	DNAJC5	BLCAP	GOLGA4	GMPR2	C2orf44	RPS19BP1	PAK2	DNAJA2	C6orf48	C9orf78	ANAPC5	DLD	ATF7IP	RSRC2	CDH1	FAM91A1	FAM192A	ACBD3	MARVELD3	CCND2	TTL	C14orf119	ASCC1	DUSP23	GNAS	TBL1X	MCL1	ECE2	MRRF	MAF1	C19orf53	NSL1	FBXO9	DNASE1L1	BET1	CDKN3	BAZ1A	DHPS	DIMT1	BCLAF1	CTPS1	EME2	FAM83G	DBR1	ENOPH1	NEK6	C1orf35	ALKBH8	NDN	MRPS31	EHF	RPL36A	FOSL1	KRTCAP3	HEBP1	RABL5	MRPS14	FAM103A1	CHCHD10	LEPROTL1	CCDC174	FEM1A	RSL1D1	MYCBP2	CTSH	CDC42EP1	PARL	HIGD1A	KIAA1429	C10orf35	PPP1R2	PDCL3	RALA	ARHGAP21	CCDC53	EHD4	SPDEF	ACTL6A	MFSD12	ITGA2	ITGAE	SPTBN1	DARS	OSTC	CIR1	FNTA	FAM60A	ETF1	CLDN1	BANF1	ADAT2	ZBTB24	MRPS11	NUDT21	NT5C3B	MISP	GNPDA1	SMAD5	TMEM92	CCDC86	DERL2	ARL13B	ECHDC3	AVPI1	KCTD9	AFG3L2	PHLDB3	C12orf52	FAF2	FBXW2	CORO1A	SRSF5	MAP2K1	IPO7	PAQR4	MRPL27	MRPS25	EGLN2	MKKS	MAPK1IP1L	ISOC1	LYPLAL1	GNA15	COX14	BMS1	ARL6IP5	DCTN2	CTSV	AMMECR1L	HDAC3	PAFAH1B2	GPATCH2L	C1orf21	CDA	PRMT5	IRF2BP2	KRT15	NONO	DAP3	ALDH9A1	CLSTN1	DDB2	NOB1	SRPR	LLPH	ARMCX3	MTERF	C11orf31	SLC16A4	ACYP2	CHAF1B	CHMP2B	C16orf87	CDK5RAP1	MAP2K2	RBMS2	SHOC2	KRAS	MIF	DDX19A	DEXI	ERI3	C4orf48	AKR7A2	RIPK1	RRP1B	DENND1A	AMZ2	ALG3	ADPRHL2	RBBP6	PALLD	LDLR	SETX	HIATL1	SSU72	SELM	CMTM3	GPR89A	AFF4	ALCAM	ESRP1	AIFM2	CDK8	NAP1L4	TPR	ASUN	NFATC3	CENPT	CAMSAP2	CHMP3	ARHGAP26	BCKDK	SH2D3A	PIGM	ASB7	EZH1	RRS1	MAP4K4	GOSR2	CDKN2AIPNL	IFFO1	CLPTM1L	C14orf1	NAA35	PPCDC	ARHGEF28	PIGT	SMS	MRPL33	POLR3H	PSPC1	MFSD10	CWC22	ARHGEF3	GSTM3	HYI	RABGEF1	CCDC124	FANCA	CANX	LARP1	BCAP29	FDX1	DNAJC1	COX7A2L	DLK2	CIRH1A	BABAM1	FTO	NUCB2	AHCTF1	SRSF9	DYNC1H1	IPP	C9orf41	GLTP	C12orf5	IK	AGPAT3	PPIL1	PELP1	SLC20A1	FAM213B	IARS	C19orf47	FHDC1	MED31	PQLC1	CCDC77	FAM101B	CDC42	NUBP1	PCNP	BRCC3	SAR1A	UROD	CCDC90B	HOOK2	RRBP1	EDF1	ATP6V1D	AP2A1	MTX1	NAE1	IQGAP1	ERCC3	OXA1L	LCAT	DPAGT1	NDC1	ARRDC2	NAPA	PNP	GPALPP1	GPR68	GART	MSTO1	NECAP2	DDX3X	GLUL	FDXACB1	CRIM1	ERO1L	PHF3	PITPNC1	CAPZA1	C12orf10	CYP20A1	NSMCE1	FAM98A	FAM118B	IGF1R	CREB3L4	ANKRD28	GPN1	GPBP1	BCL2L11	MAD2L1BP	GDE1	MED4	IRF3	AKAP9	MT-ND4L	NAA50	E2F4	TMEM45B	CHURC1	MPRIP	ACYP1	ROBO3	PEBP1	COQ6	AGPS	WDR44	FAM73A	GANAB	KRR1	ANXA3	C9orf142	SH3PXD2A	RPSA	CIRBP	MRE11A	ASNA1	HERC2	COX16	HSPB1	SEP15	ERGIC1	CAPRIN1	AK1	IL24	ASPH	CLCA2	SLC25A16	ASAP1	NCOR1	INTS2	FAM222B	CDC7	CCDC109B	EPB41L2	LRRFIP2	CD68	RCC2	MAPK6	BCS1L	ADNP2	KNOP1	SNRNP70	METTL12	PCBD1	ECT2	MFAP5	DNAJB12	CMTR2	GGCX	C15orf40	CCDC138	EFNB2	GRHPR	CCDC167	LINC00998	NAGLU	ALDH3A2	RNF181	EML3	ANKRD42	HSPBP1	PSIP1	GJA1	PLXNA1	DYNC1LI2	AGO2	TMED3	NT5DC2	LITAF	ODF2L	RTF1	CCDC58	CCDC47	C4orf27	PTK7	FLYWCH2	CTSL	MEA1	PPID	DRG2	CELSR2	RMDN1	IMPACT	PRKAG1	NEU1	MPDU1	LBH	TIMM17B	RPA2	CISD3	CHEK1	RAI14	MFAP2	BTRC	CNPY2	PXMP2	SEC23A	ELAVL1	CCHCR1	CKMT1A	PFN2	KCMF1	NAB1	RAB6A	NOXO1	ACTL10	BLOC1S2	CCDC88C	ARL17A	NFYB	CIZ1	MAPKBP1	SCAMP4	DGCR8	CACNB3	GIPC1	PGAP2	PRPF4B	GLIPR1	HMOX2	ARHGEF2	FEM1B	HNRNPH2	SNRPA1	CBX3	TET2	CCPG1	FASN	C1orf43	PRKCI	FAM98C	DMAP1	CCDC88B	CCDC88A	RAB18	CTNNB1	COQ10A	RINT1	C19orf55	MIOS	LCMT1	GOLIM4	MEIS2	ISOC2	SRRD	FAM50A	COQ10B	FBRS	LGALS8	MICU2	PEAR1	TIPARP	POM121	CTDP1	DUSP6	MEX3D	DNAJC21	GALNT5	STARD10	BCL2L13	ENDOG	NRM	ARHGAP19	KLF8	DDX27	DDI2	CD109	ANKRD13D	IRS2	CEP57	CCDC68	GYG1	ARHGAP32	C21orf2	CSRP1	PHF1	HK1	AMOTL2	COMMD2	CHPF	GATC	AP1M2	CREBBP	RPP30	CUL4B	POC1B	FBXW5	MRPS36	CHMP4B	LGR4	N4BP1	BAG2	ANKRD16	RFK	LRRC57	MED29	LUC7L	ACO2	CALCOCO1	ABHD11	TBRG4	G3BP2	MAP4	MRPS2	DIAPH1	ANXA4	FAM160B1	CRBN	DUSP14	SAPCD2	ITPK1	AKR1C3	DVL2	SYAP1	ABHD5	GGA2	GALNT2	CCNDBP1	HIRIP3	KPNA2	MSRB1	PDPK1	FKBP10	MAEA	ARHGAP27	ARFIP1	PPP1R15A	PRR12	BCAT2	ARMC8	PTPN21	DNAJC17	CTTN	GPAM	TOMM7	ECE1	C8orf76	NUP155	EID2	PPP4R2	PBK	AP1B1	IFT57	CLN5	FAM105B	SGCB	EMC8	AUP1	CWC27	PVRL2	B3GNT8	ACLY	AAAS	SDHA	EFCAB2	B3GALT6	ANK3	GNB2	SAFB2	MDC1	LAPTM4B	CYP24A1	FOXP4	DBT	NRBF2	NABP2	GCDH	HIVEP1	WDR12	HIF1AN	BAG3	AHSA2	CD320	CASKIN2	ERCC5	ALDH7A1	RBBP8	ARHGEF39	GALK2	ACBD6	MPV17L2	FAM149B1	FAT2	DLG5	GGNBP2	LSM12	CHD1	SNRPA	NAF1	KRT17	NR1H2	CTNNBIP1	FAHD1	ARL14EP	NIN	FAF1	KLHDC10	DDB1	FAM168B	PGRMC1	ANAPC16	CNN3	EIF2AK4	NUDT22	GTDC1	ASPHD1	KIAA2026	CSNK1A1	NUDC	ERN1	CNOT10	PHACTR3	CNTNAP2	MLLT10	FBN2	ATG4B	CKAP5	APEH	SMAD2	C6orf211	ARID4B	EBLN2	ARHGEF1	NAA15	HEXIM1	BNIP2	PON2	FRG1B	RAB8A	CLIP1	NDFIP1	MLF1	IGSF3	MYNN	C5orf42	NPRL2	EIF2A	CHST12	RRM2B	MCCC1	DPH5	BTBD1	CBR3	RASSF3	APP	B4GALT3	AAMP	RNF20	RPS6KB2	MFSD3	KIAA1147	KIF20A	IL11	PMAIP1	ARFRP1	STX6	KLHL2	RELA	TDG	SSNA1	ALG1	STOML2	RPS6KA4	DDX10	PREB	RNPEP	BCAR1	PSENEN	CCAR1	MMADHC	FRMD8	HP1BP3	DNAJC10	NUCKS1	DALRD3	PAIP2	FAHD2A	IMPDH2	ADD1	DCXR	ITSN1	TMEM30A	ALDH18A1	MRPL36	MGEA5	FLJ27365	C6orf62	SFXN4	BPGM	MAP2K4	CEP57L1	ANKRD10	DCLRE1B	PDLIM1	DKK3	CFL2	RILPL2	GOLGA8A	MCMBP	C15orf61	IKBIP	EFTUD2	RSRC1	CD151	DDX59	AIM1	ARAP2	GOLGA8B	SHMT2	CDK11B	DGKA	CSK	CUEDC2	SLC1A5	CLUH	KIAA1109	SEC22A	GATAD2B	ERLIN2	KCNS3	GRPEL2	CHRNB1	ABT1	MTR	CXXC5	COQ2	RASSF7	ERCC4	DZIP1	ARHGEF40	ARHGAP23	NFU1	AKT1	DGKZ	BROX	ATP6V1F	MALT1	DSTYK	STARD3NL	ECM1	FOCAD	HSPA9	RAD23A	EFEMP2	GRK6	CREB3	TBC1D31	COQ9	CORO1B	ITGAV	CPSF6	FBXO33	AAGAB	HSPA14	SNRNP25	RINL	NMRAL1	MIB1	PDIA4	BTAF1	C7orf73	EWSR1	CWF19L2	RRAGC	MAGEF1	RMND5B	ARF6	MED10	PRKAR2A	LDOC1L	ELP2	FAM127B	MAGIX	RASIP1	STMN1	CAD	DHX16	FAM104A	CCZ1B	NLRC5	ATP13A3	GYS1	DAB2	HES1	HSDL1	ARL8B	TMED7	HCFC2	SPTAN1	RANBP3	ANKRD26	ABCF3	NCAPD2	GJB3	NGFRAP1	HCFC1R1	ATG9A	RAB7A	C3orf38	HNRNPLL	CYB5B	SMNDC1	ID2	EFNA5	EMC2	ACADS	RECQL	TMED8	FADD	SMC1A	SF3B3	MKRN2	KPNA5	HRSP12	ACTR3	SCAMP2	CDPF1	LRRC23	CCDC97	NAT10	MAGED2	GID8	C14orf28	DNAJC16	CLN6	FAM208B	DAGLB	MCM3AP	ARF5	ARHGAP35	MCOLN3	CLK3	SMYD5	HMGN5	TTC7A	CSTF1	PTPN12	MPZL2	DMKN	MIPOL1	CDC42SE1	BAK1	DUS4L	LIN7C	BCAM	CCDC134	DDX52	KIF1C	RNMT	MPHOSPH8	GNPNAT1	KCTD15	OS9	HLA-C	ABCG1	CA12	RBM39	SMIM12	PCNT	MNT	ADAM8	DAPP1	P4HA2	HDGFRP2	HSPA1A	TNFRSF25	B3GNT5	CD81	MED11	MB21D1	PGAM5	GPR137	EHD2	CEP85	CXCL16	EXOC8	RAP1A	ARHGEF10	GDAP1	EIF2B5	NDE1	SPRYD7	AK3	FHOD1	FIBP	SEC11A	MRPL44	BTBD2	CTR9	SFRP1	TRMT6	FAM160A2	TPRKB	C19orf60	RALB	MEAF6	MED22	FKBP5	COQ5	C21orf33	KRBOX4	PUSL1	ARRDC1	SCAPER	EDC4	AGMAT	IGFBP6	PAWR	PI4K2A	ATG3	GNB1L	CENPJ	CTU1	HYAL2	SAMM50	LANCL1	SNX3	KIF9	ASH1L	DESI1	RPP38	MRPL45	ACER3	FZD6	TWISTNB	EIF2B1	TIMM23	MED14	CNTRL	KIAA0947	SETD2	PTRH1	NRP1	NOM1	RPP25L	HSPH1	NCOR2	RBM23	CMBL	PVR	PGM2L1	HES2	ERGIC2	ASNSD1	GTF2F1	FAM134C	CHST3	ENSA	LAP3	PFAS	AKIP1	CCDC15	B9D2	ARID2	AKT2	ANKRD6	CCS	CTDSP1	NUDCD1	GPATCH8	CHTF8	TFPI2	CHMP4A	ITPRIP	MCRS1	MEPCE	ERCC6L2	SMG7	CHD3	LBR	ABHD12	ANKRD37	M6PR	ELF2	FAM114A1	AGA	ZNF219	BIN1	CYFIP1	SRPK2	DLAT	HSPG2	PI4KB	DUSP1	CALCOCO2	AP1S3	BBS7	IFI27L1	CPNE1	LSM1	CSE1L	ARCN1	ASB8	SLC44A2	NAIF1	ABHD3	TTC27	C7orf49	MID1	CPSF3	BAG5	RB1	LRPPRC	KIF16B	ECSIT	IER5L	SPG7	HHLA3	NPC2	AP1G2	GNPTAB	MGME1	LIMS1	BAD	MAFG	CDYL	BRMS1	RAB3IP	POLR2I	C22orf39	CASP8	TRIT1	DHX9	NRAS	ADTRP	CAMK2D	HEXIM2	ARHGEF16	FUBP3	ANKRD50	NUP188	C11orf71	NCEH1	EPC1	KIAA1524	SHB	PIGL	CNPPD1	FOXK1	MED16	ARL2	CTBP1	NUP37	PXDN	LRRC8A	MSN	MBOAT1	RPF2	STAP2	BCKDHB	GALNT11	RUVBL2	MYCBP	RMND1	C9orf9	AXIN1	ABHD17B	FARP1	LPIN1	MRPL10	HIBCH	PLCD3	STIM2	PGS1	SLC52A2	BUD13	CDC73	PRR7	EHMT1	RGCC	EZH2	LY6K	DMRT2	PSAP	NFAT5	MECR	NDUFA5	NFIX	FAM207A	MARVELD1	RAC2	DOCK5	GRK5	GSS	CARM1	KIAA0895L	C7orf13	ELP5	SON	TLDC1	MTHFSD	DDX54	SART1	AKR1C2	CORO2A	DVL1	UBE2J2	EMP1	FAM126B	CSNK1G2	DHRS13	ATL3	C12orf43	LARP4B	TXNL4A	BIK	LLGL1	GSKIP	C1orf174	ABRACL	CASP3	KIF3C	MAPKAP1	G6PC3	SMC6	C16orf72	COL7A1	PTPRS	TMEM184B	PMM2	PTPN11	SETD5	DDX49	C21orf119	COX15	RAP1B	NDUFA10	PLAA	IPO9	CDC23	PAPSS1	HAGHL	C1orf131	FAM174A	RGS14	FOXP1	DAP	FLII	CDC27	MPI	NEXN	BAIAP2	RALBP1	STAG2	ZNF302	OXR1	CCDC66	KAT5	ARL10	BBC3	CDC25C	XRN2	GPSM3	DSCR3	BTD	SEC63	DOHH	ATP8B1	C1RL	HLA-E	HERPUD1	FOXO1	FAM229B	DNAL1	LYN	BTBD10	DFFA	ARHGEF7	GNL2	NPTN	LYPD6B	C5orf15	EPHA1	SLC39A1	NCOA3	ALG14	POLD2	IFFO2	PPP2CB	DPY19L4	TCF12	NAPB	QDPR	BYSL	NKIRAS2	CUL9	TMA16	NOP16	PPTC7	CCDC152	CPNE8	RAP2A	HERC4	CETN3	TBXAS1	C5orf38	ABR	F11R	FAM213A	DARS2	NIF3L1	ANTXR1	ARMC1	NSFL1C	IVNS1ABP	ARFIP2	LPCAT3	PRKAG2	PHTF1	RHBDL2	ARTN	PDSS1	PCM1	KIAA1217	MAT2B	TRIB1	TMEM98	PBX1	CMIP	GOLGB1	THAP5	ASAH1	MTG2	TP53RK	CAMSAP3	FUT4	CD164	MPP6	PGRMC2	ERMARD	POLB	APOPT1	C1orf109	PNPLA8	ABCA5	BCL2L1	P4HB	AP3S1	ABCC4	FBXO7	AAED1	GNAL	GABRE	C9orf89	DBN1	FSD1L	ANKRD36	COMTD1	BEX5	KTI12	PSMD3	MXRA7	FZD8	GLS	LGALSL	BAZ2B	MED12	ARHGAP18	BET1L	KDM2B	CNPY3	ABCC5	EIF2D	CBX2	LMAN1	ST3GAL6	SBNO2	ERLIN1	BCL11A	C9orf3	FOXA2	POLR2B	CLPB	TBPL1	EXOC2	NCK1	FAM45A	DNAJB2	KIAA0513	ADAM15	G6PD	HMCES	ARID1B	AP4E1	GUSB	MTPAP	RSPRY1	CLK1	PHLDB2	SIPA1	PARP10	RPAP2	MKS1	PPP1R35	POLR3A	CECR5	KHSRP	RIMS2	KPNA6	C11orf80	EXTL3	BOD1	AZI2	MORF4L1	CASK	BDH2	DEAF1	OXCT1	PPP1R15B	STK17B	CLASP2	EIF2AK1	NOSIP	U2AF1	HNRNPA1L2	HSD17B2	ALKBH4	ALG6	KCTD3	CUTC	ANKRD36C	C6orf226	RP9	EXOC5	ARSA	CHMP7	CCDC107	C19orf40	FLCN	SF3A3	ATG16L1	PPFIBP1	RBAK-RBAKDN	KIF4A	CTTNBP2NL	ZNF567	ANAPC13	ALG8	IRF6	ACO1	ZBTB17	BRD3	KRI1	DDX55	MED17	ALDH1A3	PHC1	CCDC120	PCYT1A	BLOC1S3	KIAA1586	MT-ND5	SSB	TPT1	UBB	SLC25A5	SFN	XRCC5	RPS8	UBC	YWHAB	TPI1	YBX1	TAGLN2	TUBB6	TKT	PNN	RBM8A	UBA52	PSMD7	TMED9	TALDO1	PSMC4	SNRPB2	VPS29	SSBP1	SKP1	NDUFS3	PSMC3	TIMP1	UQCRC2	UBXN4	TUFM	PSMD13	TXNL1	UQCRC1	XRCC6	RNH1	SERPINE2	PCMT1	UCHL3	CAPG	SMC2	YWHAZ	TMBIM6	TPM4	SRI	SERPINB5	PROCR	SEC62	VDAC3	RNASEH2A	UFD1L	ZFP36L1	BCAP31	PGAM1	SCD	NDUFS4	BLVRA	PDHB	SFPQ	PTHLH	PPP1R7	TXNDC9	PUF60	PRDX6	VCP	TRMT10C	VDAC1	PSME1	PLTP	TACSTD2	WBSCR22	STRA13	ZNF706	PPA2	PSMC5	TSN	PRIM1	ORMDL2	PDHA1	TRAPPC4	RRP15	UTP11L	PAK1IP1	ARHGDIB	TGS1	RAB2A	SMC5	PSMD11	TMED10	SNRPC	RBM42	PTGR1	UQCRFS1	ZNHIT3	PSMD4	RBM25	TMEM126A	RTCB	NOP14	DNAJB6	TFRC	MPHOSPH10	PRKDC	RAE1	TAMM41	JAG1	YRDC	MLEC	TWF2	RTFDC1	ZNF593	PRC1	HNRNPH1	HARS	TPM2	UMPS	ZNF232	NELFE	SPINT2	MRPS28	WDR74	SLC16A3	PLIN3	VIMP	WDR61	SYPL1	KNSTRN	PPP2R1A	SDHC	SDCBP	ZC3H15	RBCK1	TECR	MRPL16	NENF	MED27	THOC7	KRT7	TRA2B	TM4SF1	PPP2CA	SRPRB	SYNGR2	UBXN1	DNAJC2	EPS15	TIMM50	PDXK	SUCLG1	TOMM5	MRPL39	SSRP1	SAAL1	PSMB4	STRAP	RHEB	TRIAP1	VBP1	TSR1	SAE1	PLAU	SEPT9	PPP1CA	TSR3	PMPCB	PRKCSH	PTRF	YEATS4	USP16	SOGA1	GPX3	MPST	WSB2	TACC3	VRK1	TOP1	SURF2	WBP5	KIF22	PRPF4	ZDHHC12	SDR16C5	PRR13	WDR46	LACTB2	SSR4	SMARCA4	TGFBI	SNRPB	PITX1	PIH1D1	VPS28	TAF10	TXLNG	ZYX	SQLE	PPIG	GJB6	VPS35	RAB13	NPAS2	SREK1IP1	UFL1	PLRG1	PRPF31	TSPAN13	TSPAN4	ZNF628	YARS	SF3B1	UBE2N	ZNF326	TMEM165	SNRNP48	STX8	SNRNP40	TSPAN1	ZBED2	SERPINF1	VPS25	PSMG4	WDR13	YDJC	TFB1M	HSPA4	ZNF622	SPC25	SRA1	RBM17	IDH3G	NMB	THBS1	RNF40	ELOVL5	TRNAU1AP	RRP36	STIP1	UBE2A	STK17A	SPCS3	PDPN	TCEB2	SRP72	PRPF38B	TMEM54	HDAC1	SMURF1	TBC1D1	MT-ATP8	STUB1	PDCD10	ZNF106	SDF2L1	YWHAQ	SPG21	SCO1	THAP11	ZRANB2	SHISA5	ZCRB1	TMEM14B	TMX1	POLR2C	UCHL5	PPP6C	SNAI2	CDK12	PINX1	PI4KA	OCIAD1	RPL7L1	TRIM44	HOMER3	PPHLN1	TJP1	SLC25A4	TMBIM4.1	TFAP2C	TRIM7	IMMT	PTGES2	SERP1	SMUG1	UBL7	RAB32	RAB34	VAPA	UBE2E3	GOT1	POLR1C	USP24	MCM8	TMEM61	ST3GAL3	TMEM123	GATAD2A	SMARCB1	NFE2L2	MED24	SUPT4H1	RTN3	SMAP1	UQCR11.1	WASH4P	ENTPD3	PPAT	SPRR2E	MRPL19	TCEA2	GLA	UBA2	RPP40	SDAD1	PDCD2L	ZDHHC16	TBL1XR1	OAT	SLC4A7	PRSS23	SEPT11	VARS	PCBP1	NSRP1	TMX2	RDH11	USP7	SPATS2L	RAB11B	SBDS	PFKP	HMGB3	MRPS27	TAF9	SMARCC1	OXSM	TTC37	PSMF1	MRPS18B	NUAK1	ZSWIM8	TOB1	SAC3D1	PET100	NDUFV1	RAVER2	TRIM28	SRSF1	LASP1	SNX6	SRP54	TMEM97	GLUD1	RFC5	ZC3H13	MSMO1	SLC35B1	TCEB3	MCTP2	NUBP2	SERPINB1	RDX	ZC3HC1	TMEM59	TSPAN15	PAPOLA	RBBP7	VPS4A	MET	RNF126	LRP10	DDX17	FHL1	L3MBTL2	ZNF212	WHSC1L1	PRRG1	YARS2	SEC11C	WRAP53	SHMT1	ZBTB38	ASL	RHOA	PPAN	PUS3	RRAS2	TRAF3	UTP23	TMEM14A	SEC13	RPN2	RCN1	POLR3E	TRIM6	TSPAN3	SCML1	SSR1	MIEF1	RBPJ	NUDCD2	COIL	TACO1	TUBB2A	PRR11	RNF207	SLC27A4	SHPRH	SEC61A1	STC2	KXD1	SUMO3	NT5E	STX10	ZNF358	GRB7	FAM24B	ZNF664	TMEM5	TMLHE	TSSC4	THAP6	NMD3	TTC1	TRAF7	CBR4	TNFRSF1A	KDM5A	ZDHHC3	TMEM79	POLR1D	SRRT	SNF8	SLC27A5	TATDN1	IFRD2	TOX4	RFC2	RNF114	PSMD1	MLST8	RPSAP58	DNAJB1	HRH1	WDR34	KYNU	PGD	RBP1	THUMPD3	YWHAG	PGBD1	TARDBP	THEM6	MED6	SCAF11	VCPIP1	LGALS9	NOC4L	MAP1LC3A	RBM26	SUMO1	SUV420H2	SNAPIN	STX7	ALDH2	ASF1A	SMIM15	IFNAR2	MIPEP	THEMIS2	PANK2	TAF3	TTPAL	URI1	SLC7A1	PARP11	PDE4A	XPO6	NFIB	STRIP1	NHP2	ZFAND6	SCO2	NRG1	PIN1	ZFP36L2	PRPF19	SOWAHC	RSU1	LYRM2	ZNF263	ZCCHC17	SFSWAP	USP13	TNKS2	TOR1B	TMEM230	IRX2	DDX56	SF3A2	SLC7A6OS	NDFIP2	PIN4	TRMT10A	ARL4C	RSL24D1	THRA	RNF146	THAP4	UQCC2	KBTBD4	ZC3H7B	FLAD1	PRNP	TRMT12	RBBP9	TXNRD1	UTP18	UPF3B	PLD3	METTL8	WDR4	TACC2	NUDT2	KRT6B	SEC16A	SRFBP1	PLGRKT	MEF2BNB	SC5D	NSMF	TAOK3	PCED1B	TMEM161A	SMIM14	UEVLD	TMEM66	WLS	TMEM55A	SMARCA1	MED19	SERPINE1	PLEKHO1	NEK4	SLC7A5	PRDX3	PLCD1	SLC26A2	TSPAN33	PRPS1	U2AF2	TOR1AIP2	ZNF33B	MAP1LC3B	U2SURP	ZMYND19	FAM57A	UBE2E1	SEPN1	DNAJB9	TADA3	YWHAH	TNFRSF14	TIMM44	TERF2IP	TMEM183A	MSANTD3	TUSC1	RAB25	TRAPPC10	USB1	ZNF614	LPAR2	RPA1	DPM2	C1orf123	UBE2J1	RBM22	ZNF267	NAGPA	NUBPL	TOP2B	TMEM160	WBSCR16	YBEY	NME7	NBEAL1	SLC38A2	NOL10	ANKRD39	SVIL	SH2D4A	ZBTB7B	TIPIN	PAFAH1B3	DCAF4	QKI	TMEM9	TSPAN5	PIGC	TMEM99	WDTC1	STX17	MRPS17.1	TFIP11	PCSK9	FBXO30	TMEM40	MARS	PEX11B	MTHFD1L	ZNF618	ZNF260	METTL9	RIF1	REV1	TTF1	CCDC71L	PARVA	ADIPOR1	RTN4IP1	VWA5A	SLC35E1	TRAPPC11	MAOA	SLC36A4	PAAF1	TPRG1	ZCCHC7	WHSC1	SRP68	TIMMDC1	PUS1	SERPINB8	TMEM200B	RAD17	DDX19B	AKAP10	ZHX1	TUBG1	UBN1	ZNF771	TCEAL4	SASH1	TMEM219	RAB27A	KDELR2	SGTA	POPDC3	XPO1	KLHL7	SPATA24	RNF219	ZNF12	ZNF180	HECTD1	PI4K2B	IWS1	UTP6	KCNK6	SEC23B	ZSWIM6	SNX2	SLK	MTERFD1	TMEM259	WDR75	ZNF512B	UBQLN1	ENOSF1	TMEM8A	MIEN1	TMEM164	LRP12	SLC35B2	STRBP	NOL6	USP9X	SCOC	THAP1	CRABP2	STAT6	CRTC3	ECI2	SPRED2	METTL10	POLDIP2	RAB4B	MEF2D	STRN3	G3BP1	TCEAL3	UFSP2	TMEM115	VTI1B	TRIM4	TMEM120B	HILPDA	MYADM	NIPA2	CNOT1	VPS4B	SLC38A5	RAB27B	SOX7	ZNF780A	TNKS	ING5	TBC1D10B	TMEM201	SLC1A3	TROVE2	RNASEH2C	NKAP	NUP85	VPS13D	SND1	NOL11	TMEM42	OCRL	FGD1	TSR2	ZNF516	MAPKAPK2	UBE2D4	LUZP1	UBAC1	TPST2	TRIB2	UFC1	TMEM69	UBE2I	SEPHS1	FAM173A	HSF1	KIF2A	ZFP28	STX16	ILK	SLC2A1	POLA1	VAMP8	ZNF227	HIPK2	LSS	JMJD4	PHLDA3	WDR25	SCNN1A	STEAP2	CCDC12	CEP170	PKIG	MED21	ZKSCAN1	PTRHD1	VAMP3	KLF12	SETDB1	FAM49B	TFAP2A	TSC22D2	ZBTB43	GSDMD	LTBR	RBM27	SLC6A8	STK4	YTHDC1	SEMA4B	OVOL2	IQCA1	ZNF318	ZNF394	RNF8	PTBP3	TPD52L1	CASP6	NDUFAF5	PCSK7	RANGAP1	STXBP2	RABGGTA	STARD3	FOXN2	SPA17	PNKP	SLC25A30	TBC1D2B	TM2D1	TSNAX	SP1	KLHL5	RAD23B	FAHD2B	HEATR3	YME1L1	OGT	NLRX1	PRRC2A	ZNF746	PPP1R3D	ZBTB1	TMEM132A	PHACTR2	UBR4	SIL1	TTLL12	TPRG1L	EGFR	SH2D2A	TRAF3IP2	ZNF644	STAT3	PIK3C2A	TOR2A	UBXN6	RFXANK	TMEM131	TMEM80	TAX1BP1	UACA	PTK2	NET1	PPP5C	TM9SF2	NARF	TOR1A	IP6K2	NSUN3	ANXA6	FAM83H	ATP6V1H	PEX16	C9orf69	TTC39C	ZNF787	SPAG5	RCL1	MESDC1	UTP3	DPH2	ZFP62	HIVEP3	CCDC51	SLC9A3R1	RNF187	SUN1	MPG	ZNF507	FOXRED1	SPATS2	ST6GALNAC1	MTFR1	WDR45B	ETV4	DPP8	HGS	RRNAD1	TAF1B	IL1RAP	USE1	NUDT15	VAPB	TRAPPC13	OSBPL9	MID1IP1	PER1	TBCC	TMEM41A	PPOX	TCEAL8	SLX4IP	GINS1	TBRG1	DDX51	TMEM251	WDR33	SPR	RUSC1	PPP1R9B	PORCN	SLC39A3	KIAA1279	TCF20	LETM2	SLC15A4	SCARB2	SRSF4	SLC25A44	TMEM203	MRPL49	SAR1B	THSD4	OSGIN1	PLEKHH3	TTLL5	YAP1	TBCE	PEF1	YIF1B	WIPI1	NSMCE4A	RBL2	TNIP2	TOMM70A	PPIC	RNF123	TMEM33	MIDN	NRBP1	ZNF724P	RPS17L	SERP2	MVD	SLC35A2	STON2	IL1RN	FAM193A	WDR59	SNX9	TOLLIP	PURA	TNK1	SLC4A2	S100A3	FADS3	UBTD2	RIPK4	RBM5	RNF5	RASSF1	ZNFX1	ELMSAN1	GABARAP	NFYA	RGS20	OSBPL6	ZBTB8A	TBC1D2	SHC1	RAB35	DUSP28	PRKAR1B	NUDT4	TMBIM1	SLC25A51	OTUD4	PRKRA	OGFRL1	NUP88	USP5	ZNF234	RBM6	HSCB	SF3A1	ZNF581	PHF14	KLF3	SMPD4	TOE1	SENP2	ZSCAN25	SLC44A1	PXN	GALNT18	RAB11FIP1	ZZZ3	FASTK	PLLP	STK24	NSD1	ZDHHC4	SPATA7	KATNBL1	TMEM194A	UTP15	ZC3H14	YAE1D1	RBM34	ZC3H8	IDS	TNPO2	WDR83OS	TMEM126B	MTHFD2L	TMEM91	YIPF6	ZDHHC21	IST1	SLC39A8	TMEM214	TMEM194B	PHF10	ZNF74	GJB5	SEPHS2	R3HCC1	FAM127A	ZNF451	POC5	VCAN	VKORC1L1	TMEM175	UROS	SCARA3	THOC2	LRRC37B	WSB1	WDR5	SERAC1	YAF2	ZNF7	SCAMP1	TBC1D16	ZKSCAN8	SDCCAG3	UNC45A	RBMX2	ZNF638	IARS2	THEM4	SAV1	TSEN2	RBBP4	PAFAH1B1	UHRF1BP1L	NFATC2IP	WNT7B	TERF1	ZNF784	UBOX5	MYEF2	NLN	LOXL2	STC1	SFT2D2	ZC3HAV1	ZFAND2A	TRPM7	SUFU	MVB12A	FITM2	FAM65A	IQCB1	PHEX	SIRT1	ZNF185	ORC2	WDR54	TBKBP1	SPRR1A	TCF25	PARP8	TMEM150A	TBC1D5	PDRG1	XPA	PCTP	ARL15	EYA4	ARHGEF18	PGM1	RNF43	NDST1	EP400NL	DHX30	SMIM4	MDM2	PTPN18	SLC25A38	UBE2W	RABL3	VPS8	TMEM179B	ZMAT5	HDDC2	UBE2D1	CLDND1	MAP2K3	TM2D3	MPLKIP	KRIT1	MYOF	ZBTB7A	ZNF511	ZNHIT6	NCKAP1	KRCC1	MFHAS1	PDE6D	SNX17	SLC9A3R2	SIRT6	KIF21A	ZC3H4	ZNF836	TEX264	VSTM2L	NINJ1	POR	VAMP2	PIGP	TCIRG1	CSNK2A1	SKIL	SETD9	MAPKAPK5	TOP3B	TJAP1	ODF3B	MICAL3	DIAPH3	TYW1	CNIH1	POLQ	TMEM256	SYNE2	ZBTB4	ZFAND5	TCTEX1D2	SUPT20H	PTAFR	NBL1	TRAIP	GTF2H1	CCNC	LRP1	PGLS	RNF121	PVRL3	ZNF592	USPL1	TGFA	PCYOX1	WBP4	SCAND1	PFKM	SCLT1	MAN2C1	TP53I3	TNRC6A	TSG101	RRM1	PPP2R3C	WWC1	KIAA0930	WWC2	RASAL2	TC2N	RCAN1	IMMP1L	PHF12	RNF32	MANBAL	TMPRSS11D	PHC2	TRPT1	IFRD1	ZFYVE26	UBAP2L	EXOC3	KLF7	WBP2	RPIA	PRPF38A	HYAL3	TMEM206	ZNF445	ZNF579	ZMYM5	C1orf53	PIM2	MRPS5	ZDHHC8	YKT6	PTDSS2	TRUB2	GALNT1	TAF15	LIMK1	FAM3C	RTCA	ST14	TIGD5	PTPN1	TBC1D23	TAF1C	PYCR2	SIGIRR	PDK1	LSM14A	NAPRT1	TMEM38B	HCAR3	TRIM39	SFXN3	TGFBR1	WDR66	WDR92	OGFOD2	TMEM218	WDR35	LAMC1	LYPD3	FMNL2	QRSL1	ZNF330	MMAB	SLC25A37	NGDN	FERMT2	GOLGA2	C10orf118	RARA	PIGS	CREB3L2	UFM1	NCR3LG1	SRPX	KMT2E	IDH3A	PPP2R2D	XPO4	TADA2B	MDK	NMRK1	MOB3A	NRBP2	PPFIA3	ZNF226	ZNF880	ZNF266	SUGP2	SDF2	ZMAT3	ZNF236	PSORS1C1	STX3	IRF2BPL	CNOT11	CYB5R4	OTUB1	SOGA2	SREBF2	ZNF768	HSPA4L	PDIA5	PLXNB2	PPIL2	SUPT5H	UBA5	MMGT1	SACS	PKP4	ARHGEF9	RAB21	TINF2	RELL2	MPHOSPH9	XRN1	WDR7	PDZD8	TNFRSF10D	FAM69A	STRIP2	MRPS18A	UIMC1	DHX40	RP11-676J12.7	SHROOM2	GGA1	TBC1D9	NF1	TCTN3	RBBP5	RAB12	ZNF90	SIX1	TPBG	NCLN	SYNPO	EFTUD1	ZNF518B	SPINT1	SMARCE1	NREP	MECOM	GUF1	CEP63	SYMPK	CHCHD5	UBASH3B	TMEM186	TIMM22	WDR73	NDUFAF1	UBFD1	SLC23A2	DCTD	TIMM10B	WIPI2	LAMP1	JKAMP	SUPT6H	GINM1	HIPK3	ZNF487	VSIG10	ZNF586	AP2A2	SARNP	KIAA0907	OSBPL1A	TUBD1	VRK3	TENC1	NUDT16	STRN	XBP1	RBFOX2	NOL12	ZNF398	RAET1G	MTUS1
M5	-0.082955587591193	0.019309141487761	EEF1A1	RPL5	RPL7A	RPL7	RPL10A	GNB2L1	RPL6	RPS3A	RPS27A	RPL3	RPL10	RPS4X	EEF1B2	EIF3E	RPL14	DDIT4	POLR2L	EIF3H	EEF1D	H3F3B	G0S2	EIF5B	ATF4	EIF3F	LYAR	EIF3L	OLA1	EIF5	FST	CD3EAP	PHLDA2	EIF3J	IRAK1	PDLIM2	ATP6V0E1	FBL	RPS7	HN1	CYTH1	DDX1	KRTCAP2	ID1	CCDC104	CDC25A	NDUFS8	LMAN2	CSRNP1	MRPL42	EMC6	QARS	IGBP1	TNIP1	EFHD2	NDRG1	MRPL20	FSTL3	FUNDC2	CEBPD	ADAMTS6	DDX11	EIF3G	PHLPP1	CHAC1	APOA1BP	COX17	PSAT1	ARIH2	SRGAP1	TTC3	C3orf17	CHCHD4	CKLF	ARHGAP25	CTNS	LSM10	EIF4A2	CMC2	SLC25A40	C2orf76	FKBP8	ADCK5	ATP1A1	HADH	IMP4	POM121C	XYLT2	RPL17	GEMIN4	DPH3	FAM136A	MCFD2	HSD17B12	ARMCX5	CNN2	FXR1	SOX15	DLGAP5	IGF2BP2	FAM204A	ACSL4	CCDC50	NOP2	KRTAP2-3	FAM96A	RIOK1	ASAH2B	ATXN2	DYRK3	MAP7	GNL3L	DYNC2H1	CHCHD7	LAYN	DHX15	ADD3	IL20RB	IL15	NUP98	MB21D2	NT5C	CREBZF	RPS9	TYW3	MRPL14	MGLL	IQGAP3	EHBP1L1	METTL23	BRPF1	GAS6	SLC16A1	DGKH	METTL3	MPHOSPH6	CENPB	ASCL2	IPO5	MFAP3	HNRNPUL2	C16orf62	PPRC1	PARP4	KLHL18	SH3RF2	BMPR2	NOP10	KCTD5	RPS6	RPL4	WDR43	PHF5A	METTL5	UPP1	TIMM8A	TMCO1	TRAPPC3	TAF1	RPL36AL	RNF145	MRPL55	SMYD2	PGF	ZFYVE21	LTA4H	KCTD11	TUBG2	SLC1A4	RHBDD3	FTSJ2	GTF2H2	SF1	TSC22D1	RP11-180C1.1	VASP	GLTSCR2	SURF1	PITHD1	STARD7	TNRC18	ZBTB22	OPTN	ZNF83	POLR2E	UBXN2A	YTHDF1	NF2	PCNX	DLC1	MEF2A	AREL1	SAMD4A	UGP2	PSME4	TMEM184A	REL	PLOD1	TMEM229B	MGRN1	RNASET2	SOX4	TBC1D24	XDH	PIP5KL1	ZNF677	TSC22D4	TLN1	RNF38	MLH3	UBE2D3	ZNF600	UBAP2	REST	SMG9	KLF4	THOC3	MORN4	RSBN1	TRIM27	SLC2A6	SLC39A10	TMEM106B	SMIM13	OFD1	CNEP1R1	FAM134A	USP15
M6	-0.077180033062502	0.025702457892886	RPS15A	RPL32	RPL13A	RPL11	RPS18	RPS3	RPL34	RPS13	RPL9	RPL39	RPS16	RPL26	RPL27A	RPL27	RPL15	RPL19	RPS15	RPS11	RPL35A	RPL21	RPL35	RPL18	RPL23A	RPL23	RPL22	RPL38	RPL24	F3	CYR61	RPL22L1	MORF4L2	RPS10	DNAJC9	HNRNPF	CDT1	MCM3	AKAP12	DRAP1	ARHGAP29	MCUR1	GABARAPL2	C19orf10	DKK1	C11orf58	MTPN	CNBP	ATP2B1	SPHK1	ADAMTS1	NOLC1	DSP	ASCC3	DUS1L	CCZ1	MYO1B	CDCP1	CD2BP2	GCLM	PPP1R14C	RBFA	AMDHD2	CDKN2A	PUS7	NELFCD	CYB5D1	RBM45	PYURF	IFNAR1	EIF4B	RBMX	LPXN	OSBPL8	FSIP1	MRPL4	COL16A1	AOX1	MED8	GOSR1	LPCAT2	UAP1	CDKN2D	MSRB3	LMNB1	FN3KRP	FAM86C1	ELP6	SLBP	MTX2	FBXL17	PLEKHA3	ASXL2	ING3	DIAPH2	KREMEN1	AP3M1	ARL4D	PACSIN2	INPP5K	SEPT2	GEMIN2	MAP3K13	PGM3	MANSC1	LRCH3	RBM14	CDH11	NABP1	SLC27A3	ROGDI	DVL3	FAM161A	GPT2	CCDC130	MBP	LRRC61	KLHDC3	RPS5	RPS23	RPS24	RPS25	TFG	TPM3	TINAGL1	TXNDC12	TRMT112	NIT1	UBE2K	TMEM208	TRIP12	ZNF207	WDR77	MBOAT2	URM1	TRABD	TEAD4	TIMM9	SPTSSA	THOP1	VEGFB	USP22	REXO4	SMARCD1	MSL1	SLC31A2	TNFRSF10A	POMGNT2	RNF19B	USP14	XRCC2	RDH14	PICK1	CYSTM1	MLX	POP1	ZFX	INSIG2	TMEM129	VMP1	ZBED4	PTGES	SH3PXD2B	TOP1MT	SMIM19	PIK3R4	ZBTB47	STK25	SPECC1	SERTAD3	PYCRL
M7	-0.268209977049369	2.17999372099342e-20	CXCL1	HIST1H1D	HIST1H4C	HIST1H1A	CDK1	H2AFZ	CXCL2	CSF3	DUT	CDCA5	HIST1H1B	CDCA4	CLSPN	CXCL3	HIST1H1E	FAM111A	H3F3A	GINS2	FBXO5	HIST1H1C	FEN1	ARHGAP11B	AURKA	ATAD2	DNMT1	AURKB	CKAP2L	HBEGF	GMNN	HMGB2	CCL20	CKS2	EMP2	ASF1B	GTSE1	PHLDA1	HELLS	HIST2H2AC	EIF1AX	H1F0	BARD1	C16orf59	HIST1H2AJ	CKAP2	CENPA	HIST1H2AH	IER3	C21orf58	C19orf43	DTYMK	MRPL17	FHL2	CCNE1	ORC6	COL17A1	NFKBIA	IL1B	CARHSP1	DCTPP1	ARHGAP11A	CENPQ	CDCA7L	CENPM	CDCA8	CREB1	TNFRSF12A	E2F1	CD44	BCL2A1	C19orf48	FANCB	CDC6	EXO1	AREG	INHBA	CISD1	DTL	CCNA2	ASPM	CHAF1A	CENPE	TOP2A	C11orf73	RPA3	BAHD1	KCTD13	CEBPB	PSMC3IP	CTCF	NUF2	ESCO2	MCM10	CHKA	DSN1	MYBL2	CASC5	C3orf52	CSF2	PSRC1	MRPL34	PIF1	BRI3BP	ACD	CHTOP	CCNY	PIGX	PGP	E2F7	CCDC14	ARL6IP1	EDN1	H1FX	NCAPD3	ING2	PNRC2	INCENP	DPP7	CBR1	CLDN12	DNAJB14	FANCG	AIP	FAM83D	MDFI	QTRT1	ATAD5	BRCA1	CCM2	GMEB1	AVEN	NEK1	PIK3R3	DHFR	DPM3	LRRFIP1	ABHD17A	ACOT8	NAA38	TAF5	RBM38	KIF14	CCNG2	JUNB	CDKN1A	ASRGL1	SNX5	LMNB2	ATMIN	C16orf98	GAS2L1	AP3B1	NRP2	BRCA2	CCNE2	CCDC137	AP5S1	PKP3	C3orf14	ADCK1	ANKRD46	H2AFX	ANKRD9	WDR76	BLOC1S1	ARVCF	DBF4	MTAP	FAM86A	SLC39A7	MRPL54	HNRNPL	ADAT1	SFT2D1	TM7SF3	CENPO	CDCA2	CC2D2A	KIAA0101	HCFC1	C8orf33	MIS18BP1	CCDC28A	CEP41	PDCD1LG2	NDUFAF6	POLL	NADK2	CENPK	CBX5	AUNIP	LRRC45	AKR1A1	ABL2	RGS19	SRRM1	HIBADH	RRAGB	ELK4	CAMK1	CDKN2B	SPC24	IL8	DEPDC1B	ARMC10	FAM210B	SLC30A7	PTS	FAM111B	CDC34	C11orf82	CEBPG	ALG9	FRAT2	LYRM7	CNFN	BANP	BCL3	GXYLT1	KIF18A	ENO2	POLE	EPB41L5	SLC25A1	RAD21	CACTIN	DSCC1	SDCCAG8	SMIM20	ERAL1	ANKLE2	MASTL	KIF23	EPS8L2	CCNYL1	IAH1	FBXO17	NUDT8	AKIRIN2	NAV3	BUB1	ABCB7	HABP4	DAG1	CDK11A	CPSF4	POMZP3	MCM5	SLC18B1	APOO	PTPN6	SNX27	KIAA1430	G2E3	RAB14	MTFR2	FNBP1	FGFR1OP2	C18orf32	CCNF	METTL13	GADD45A	C19orf25	LONRF1	CHD8	DHX58	CLMP	FIGNL1	PRR5	MXD3	SMCO4	FGFR2	GRINA	ATG13	FANCD2	LAMA5	APEX2	RAD18	TBC1D15	C12orf39	SIGMAR1	AGRN	ARL6IP6	FURIN	SVIP	ATF3	EFNA1	BRAP	CLCC1	CSAD	RECQL4	C14orf80	FANCI	DUSP5	NUP62	PTPRK	HJURP	MMS22L	KLHL17	MBD3	MORC4	NGF	EPN3	COPG2	NUAK2	ANKRD32	GPD2	NDC80	FGD6	SPSB1	SUMF1	GOLM1	ATG12	BCL9L	MARCH9	FAM92A1	HNRNPUL1	CTDSPL	CAMTA1	VPS72	ICMT	LPHN2	AP4S1	AQR	CHID1	SDHAF2	HIST1H2BH	ABHD10	C9orf64	LZTS2	ENTPD5	MELK	SAMD1	EFCAB11	RAD9A	NTMT1	PFKL	PIP4K2A	LPGAT1	ARID1A	CTU2	CHRNA5	CYB561D1	ETV6	ELOVL4	FKTN	LATS2	DCTN1	FAM20B	RLN2	ETS2	SLC39A14	LIX1L	GAN	EMC1	MAN2A1	SGOL1	TCF19	UBE2C	UBE2T	PKMYT1	RFC3	TK1	TPX2	RAD51AP1	TNFAIP3	POLR3K	TYMS	SGOL2	SMC4	IL1A	RAD51	MND1	USP1	ZC3H12A	SLC29A1	TOPBP1	TAF7	MLF1IP	KIF11	SASS6	RRP7A	TEX30	RFC4	TMEM258	KIF2C	ZMYM6.1	RFC1	NCAPH	RACGAP1	GOPC	SELT	MCM6	SKP2	ZNF346	TCOF1	LSM3	SLC2A4RG	KIFC1	RGS10	SMURF2	SAP30	PLK4	USP12	SLMO2	POLR3G	TXN2	RAB2B	SLC43A3	SNRNP27	SORBS3	PTP4A1	RNASEH2B	UCHL1	PHIP	SHCBP1	NR2C2AP	RNF26	THYN1	TAGLN3	RAD51C	SMARCD2	ST3GAL4	TTI2	SKA1	SH3BP1	UGCG	TEX2	NDUFA8	POLA2	SRP19	TMPO	RAD1	POLR3GL	TMEM170A	DCAKD	JAGN1	TAPBP	FADS2	USP3	SGK1	TMEM106C	NOL3	RND3	MCM2	SPDL1	JUN	SLC37A1	ZNF714	MIS12	ROCK2	SKA2	TRIM59	KCTD14	OIP5	PHF20L1	PARPBP	SGSM3	SPATA5	SMO	PDS5B	RPAIN	C3	RFWD3	NPC1	ZNF738	RPE	TANC2	CHML	TRMT61A	SLC25A10.1	ZNF576	OSBPL5	TRA2A	MYH10	MVP	BECN1	ZNF148	SEC24D	SRP9	SPAG9	SPAG16	MUT	RTTN	RFTN1	BUB1B	ZNHIT1	GPHN	MYO1E	SUV39H2	SUZ12	SPATA33	SFXN1	SUOX	RGS2	MOSPD3	THAP10	FAH	SGK3	SELRC1	MTOR	PAK4	TICRR	HPS1	ZCCHC10	TNFSF12	DNPH1	SLFN11	SIAH1	OXNAD1	ORC5	MAN1A2	PCBD2	TRMT10B	UNG	UBLCP1	TRIM26	INF2	NIPAL4	GMIP	RARG	GMDS	ORAI3	TEN1	WIPF2	TMEM18	LRR1	STAG1	JPH1	LRRCC1	VPS26B	KIAA1143	NCS1	SOCS6	STEAP1B	NUS1	S100PBP	ZFYVE27	SH3KBP1	MARCH5	PSMD10	FLVCR1	TM9SF1	RNPEPL1	PTAR1	MST4	RIN2	FSTL1	PIP4K2B	SLC4A3	WDR41	METTL2A	STT3A	ZDHHC20	PPM1A	NDUFAF7	SMEK1	DEDD2	TMC6	STXBP1	NME5	FAM189B	SEMA7A	TENM2	PBRM1	QSOX2	RPL39L	RBL1	LEPRE1	RPS6KB1	ESYT1	YEATS2	TCERG1	CRTC2	LANCL2	RMI2	TMTC4	WDR83	EPAS1	MTIF3	CUX1	RGS12	ZNF672
M8	-0.06423568134056	0.063368455495377	LGALS1	TMSB4X	OCIAD2	CLTB	EMP3	FKBP1A	SRM	MRPL12	CDK4	CALD1	GAL	PRKCDBP	CRIP2	C7orf50	ALKBH2	DYNLRB1	POU2F2	PABPC4	CELF2	CYB5A	PTBP1	TMEM141	COX20	MAP1B	COTL1	CBFB	CHTF18	FAM195A	MAL2	CSNK1D	EIF4H	PTDSS1	FBXO2	ESRRA	IL32	MACC1	ABCC3	METAP2	NDUFAF2	SCG5	DICER1	FN1	HMGN3	MARCKSL1	MFSD5	GSN	RDH13	SLC25A19	DMTF1	PLA2G12A	ISCA1	EIF4G1	TAF11	JAK1	AKAP1	ITPR2	MLLT11	ATG4C	COL4A2	MACF1	BCL7B	SPARC	IFI27L2	CCDC80	NTM	NUDT14	EVA1C	GRB2	TMEM51	VIM	CAP2	FAM118A	GRWD1	GBAS	C2orf68	TIMM13	TOMM40	TPM1	UCK2	FEZ2	UBE2M	TAF12	ZNF259	TMEM11	TRAF4	TUBE1	TAX1BP3	NTHL1	MTSS1	PHKG2	TTC12	BAIAP2L1	MPC2	TMED2	RRAS	IL17RC	NCF2	PAIP1	TRIP10	TNNT1	SLC19A1	RABEP1	ZNF431	ZNF275	TAPT1	NRDE2	MLLT3
M10	-0.349353929935328	0	S100A10	S100A2	S100A11	MYL6	TXN	PTMA	ATP5G3	NDUFA4	CFL1	MT1E	FABP5	POMP	COX7C	SLIRP	COX6C	MT2A	HSPE1	DBI	CALM2	ERH	MGST1	ATP5O	NDUFB4	CYCS	NHP2L1	NDUFA1	COX7B	DYNLL1	ATP5J2	ATPIF1	ATP5L	SF3B5	MGST3	HINT1	DAD1	COX6B1	EID1	MT1X	LSM5	FRG1	MINOS1	ATP5I	PLP2	TXNDC17	PFDN2	MRPS18C	ATP5J	HSPB11	NDUFB3	DYNLT1	SUB1	CSTB	EEF1E1	DDT	ATP5G1	COX5B	S100A13	COX7A2	DNAJC15	SSR3	DCTN3	EEF2	TRAPPC2L	PFDN4	C14orf2	NOP56	ATP6V0B	ACOT13	NPM3	ROMO1	POLR2H	ENY2	MIS18A	RABAC1	COX6A1	NMT1	SNRPE	SNRPF	GLO1	GNL3	COMMD4	NDUFA6	PTTG1	NDUFB1	HSD17B10	UQCR10	PFDN5	ARPC5	CENPW	CSTA	SF3B14	ARL1	CCDC85B	CHCHD2	POLR2F	ATP5D	FXYD5	NXT1	GLRX2	ANXA11	NDUFB9	MRPS21	MRPL23	AP1S1	ANAPC10	DSTN	ICT1	DCUN1D5	PNKD	PRDX5	EIF2S2	COMMD1	H2AFV	GTF2H5	COX8A	SUMO2	DPY30	B3GNT4	C19orf70	CETN2	COMMD3	MRPL52	CENPV	ACP1	POLD3	SURF4	AZIN1	PPP1CC	GTF2A2	NDUFA2	RPF1	DYNC1I2	JUP	PFDN1	SEC61B	COPS8	TMEM50A	COPRS	ETHE1	MRPL1	ATP5G2	GEMIN6	FKBP2	CCDC34	CCNJ	PNRC1	FAM179B	AGPAT4	PDLIM4	LAMTOR2	COA6	NDUFC1	NDUFV2	GEMIN7	GNAI2	AACS	AMBRA1	C11orf83	ALG13	PCBP2	RBM3	LSMD1	MAGOHB	BTN3A2	DCAF10	ANGPTL4	ATRAID	ABCC1	GALNT14	NDUFS6	UBE2L3	CBLC	MRPL18	NDUFB2	POLR2K	CCDC25	SAA1	ITPR3	MTRF1	FJX1	NIPAL1	HCCS	NDUFA13	CYTH2	APRT	FAM98B	ADI1	PTP4A2	EGLN1	PPIE	C16orf13	CHD4	TIMM17A	ATP9B	CEACAM1	RC3H1	AMOTL1	ANKRD17	MRPL11	MORN2	CSNK2A2	CNTROB	DMXL2	ABI1	COMMD8	CALU	MKNK2	CMC1	CMTM6	APTX	CISD2	ORMDL1	NPLOC4	MLXIP	C12orf44	S100A6	ISCA2	GORASP2	KIF13A	PMM1	SEC31A	COX19	CXCL17	PPP1R18	DGCR6L	DCAF7	SNCA	DLG1	AATF	DDHD1	AMD1	NDUFA3	ACSL3	NANP	BASP1	GEN1	CYB5R3	PLCD4	CRIPT	GCSH	N6AMT2	CEP152	SLC30A1	MPV17	TARBP2	ROCK1	CHMP1B	HDHD1	FOXM1	PIM1	NEDD8	HSBP1	GPR87	MED28	COG7	DLG3	FAM13B	NUDT1	GSTK1	CASP7	KMT2C	SARS	P4HA1	TMEM199	FRA10AC1	HAX1	COPZ1	SLC24A1	GAA	H2AFJ	RSAD1	ID3	POLR2D	MATR3	NXPH4	SHFM1	PID1	BAG1	ACN9	NSUN5	GZF1	HIST1H2AC	HMGXB4	ALKBH6	LYRM1	BLZF1	FUZ	RHOC	CHD2	AGL	FUNDC1	KRBOX1.1	LXN	PLAG1	ANAPC11	PPM1N	CERS6	TRAPPC2P1	ERBB2IP	C6orf132	SOCS2	NUPR1	RILP	MLF2	RPAP3	INPP4A	BEX4	GBP6	RAB22A	PPAPDC1B	POLE4	GNG12	GPR125	PHACTR4	HPS3	PTPN4	GARS	ATP5EP2	B3GNT1	VWA9	C5orf28	BLOC1S4	CRIP1	ELF1	VDR	CROCC	TMEM242	NDUFA11	MOV10	ITFG1	DHRS3	MSL2	DLEU1	SNRPG	SNRPD1	UQCRB	USMG5	SAT1	TCEB1	SRP14	SNRPD2	SNRPD3	TMEM261	SPCS1	UQCRQ	SEC61G	TIMM10	UQCRH	TIMM8B	SRSF10	YWHAE	ZWINT	WDR18	ZSWIM7	TMEM14C	UXT	ZBTB8OS	TSPO	TBCB	UBL5	UBE2V2	CCND3	TOMM22	MRP63	SS18L2	HARBI1	TRAPPC1	TBCA	WBP11	ZNF432	SLAMF9	USP33	ZNRD1	YBX3	RABIF	TIPRL	TNS4	YIF1A	RPL26L1	TARS	RBMS1	TOMM20	SSBP4	ZDHHC14	WDR1	LAMTOR5	IER3IP1.1	CFDP1	UBE3B	CPSF3L	VKORC1	PDCD11	MARK4	MFF	ZNF101	ZNF430	EXOSC4	IMPAD1	LHFP	SYF2	NRD1	PSME3	VSNL1	ZNF200	LSM14B	FARSA	SLC2A11	GPR176	SPAG7	NSF	PPIL3	RNASEH1	SMAGP	PCMTD1	S100A9	ZFR	ZMYND8	IMPDH1	PROSER2	NR1D1	SPPL3	SSBP3	IMMP2L	SMCHD1	PTPMT1	SRCAP	ZNF652	TSPAN17	TRIM5	FCRLB	TBC1D22B	SZRD1	TWF1	NDNL2	TRIP13	SNAP29	SMIM7	TGIF1	DNAJB4	DNAJC13	ZNF621	SCRN1	GEMIN8	RNF138	TERF2	ZNF414	HSBP1L1	TUSC3	TMEM63A	DTX2	TTC7B	TRMT2B	RGL2	COMMD9	NCBP2	PXMP4	CAMKMT	THOC6	SMDT1	BMP2K	NECAP1	SLC17A5	WWC3	SCD5	SYNJ2	HLTF	ZDHHC13	MTMR11	UBE2F	OSER1	NFKBIE	TONSL	ZFP36	UBE2R2	NPL	MSRA	SLAIN2	ZNF559	RYBP	POLM	LNX2	OXLD1	VPS51	MAP2K5	TTC32	SLC26A6	RIPK3	PITPNB	PRTFDC1	PUM1	MST1R	ZNF213	SOCS1	TRIM23	SNX14
M16	0.03758856228291	0.397797247148667	NR2F6	ARL5A	METTL21A	C7orf10	CDC14B	ALKBH3	SLTM	FBXO48	CRLS1	KLHL23	VOPP1	GOT2	ARPP19	GAPVD1	ZFPL1	MBOAT7	KPNA3	RPP25	SLC50A1
M18	0.001163081372268	0.967734763929459	SENP3	CCDC181	SAFB	NIPAL2	COG6	KIAA0100	PKIA	PIGB	RAD51B	KPNA1	SLC44A3	JAZF1	ZNF689	SLC2A3	PSTPIP2
M21	0.035044968977231	0.428426982093188	L1TD1	GOLPH3	CBWD6	OPN3	TOPORS	RAPGEFL1	XPC	UBQLN4	LRP11	MINPP1
M23	-0.024867857600012	0.604678421363	TMEM147	FXN	ELOF1	CMTM7	DENR	BAX	BPTF	HIGD2A	MTERFD2	TMEM57	SPEN
M30	-0.062602028415514	0.066611766717289	BTN2A2	AP006621.5	C4orf36	PAXBP1	RANBP10	CASP10	OTUD7B	SYK	RPUSD3	TSHZ1	PLEKHM2
M38	0.016678193632436	0.732194024476126	FZD5	DUSP9	RAB23	C6orf1	CLN3.1	ELAVL2	FAM175B	SLC2A9	USP43	MCPH1	RRAD	GYLTL1B	TRERF1	SRSF6
M40	0.017824292856042	0.732194024476126	NR1H3	ARHGEF19	MED30	SEMA3F	PRUNE	TMEM105	SLC35C2	TAF4	TUBB3.1	WFDC2
M41	0.014459246485364	0.732194024476126	SAP30L	PPP1R3B	DKFZP761J1410	HELQ	LLGL2	POLI	ENDOD1	BIRC2	ST3GAL2	HPS5	ZNF789
M43	-0.064609682637901	0.063368455495377	DHX29	ALDH1B1	LRRC8D	TMEM177	RAB5A	SLU7	TOR3A	PSPH	PCNXL4	YIPF5
M46	-0.077907194304185	0.025702457892886	COA1	GLYR1	BRD2	ELOVL1	ABHD2	KDSR	FTSJ1	LYRM4	FAM96B	PTPLB	TRUB1	MAPKAPK3	PLCH2
M51	-0.005028786004631	0.936026836135412	DCBLD2	FLNB	ADAM9	NFKB1	DYNLL2	CCDC22	FOPNL	LONP2	SLMAP	URB2	FAT1
M53	-0.09487494847662	0.005893587078198	ATRX	FCHSD1	HIC2	ANKUB1	ALYREF	AIG1	FBXW4	GBP4	LYST	IGSF9
M55	-0.017684789069792	0.732194024476126	CBWD3	BCL7A	CCBE1	CLCN6	EPB41L4A	OTX1	TMC7	CLNK	ZNF641	SH3BP5
M66	-0.015437726308674	0.732194024476126	F12	LIG3	IRAK1BP1	AC027307.3	DGKQ	RAMP1	DHTKD1	TBC1D22A	PHLPP2	TXNRD3
M99	-0.072201119629145	0.037273340378794	MYO18A	KRT75	SMPD2	NXPE3	DCK	XRCC3	NEK8	YTHDF3	TCF7L1	PTPDC1	SFR1
M102	-0.026634973130097	0.590334621446647	ADCK2	EVA1B	COG5	GPCPD1	NCAPH2	SKI	GPR161	YES1	ULK2	TRIM21
M114	0.003487521507412	0.941106444457103	ARL5A	C7orf10	CDC14B	ALKBH3	CRLS1	GOT2	ARPP19	GAPVD1	MBOAT7	KPNA3	RPP25	SLC50A1
M115	0.007647574179851	0.898025168580352	SENP3	CCDC181	SAFB	NIPAL2	PIGB	RAD51B	SLC44A3	JAZF1	ZNF689	SLC2A3	PSTPIP2
